src_ip,count,CDF,,,,,total,1155236
192.168.10.1,84497,7.31426306,,,,,,
192.168.20.1,285876,32.06037554,,,,,,
192.169.192.10,2,32.06054867,,,,,,
192.169.192.100,18,32.06210679,,,,,,
192.169.192.101,4,32.06245304,,,,,,
192.169.192.102,4,32.06279929,,,,,,
192.169.192.103,18,32.06435741,,,,,,
192.169.192.104,17,32.06582897,,,,,,
192.169.192.105,4,32.06617522,,,,,,
192.169.192.106,4,32.06652147,,,,,,
192.169.192.107,10,32.0673871,,,,,,
192.169.192.108,3,32.06764678,,,,,,
192.169.192.109,2,32.06781991,,,,,,
192.169.192.11,3,32.0680796,,,,,,
192.169.192.110,4,32.06842585,,,,,,
192.169.192.111,38,32.07171522,,,,,,
192.169.192.112,16,32.07310022,,,,,,
192.169.192.113,5,32.07353303,,,,,,
192.169.192.114,4,32.07387928,,,,,,
192.169.192.115,14,32.07509115,,,,,,
192.169.192.116,1,32.07517771,,,,,,
192.169.192.117,3,32.0754374,,,,,,
192.169.192.118,3,32.07569709,,,,,,
192.169.192.119,1,32.07578365,,,,,,
192.169.192.12,2,32.07595677,,,,,,
192.169.192.120,24,32.07803427,,,,,,
192.169.192.121,3,32.07829396,,,,,,
192.169.192.122,2,32.07846708,,,,,,
192.169.192.123,2,32.07864021,,,,,,
192.169.192.124,6,32.07915958,,,,,,
192.169.192.126,10,32.08002521,,,,,,
192.169.192.127,1,32.08011177,,,,,,
192.169.192.128,4,32.08045802,,,,,,
192.169.192.129,17,32.08192958,,,,,,
192.169.192.13,5,32.08236239,,,,,,
192.169.192.130,6122,32.6122974,,,,,,
192.169.192.131,6396,33.16595051,,,,,,
192.169.192.132,1895,33.32998625,,,,,,
192.169.192.133,2661,33.5603288,,,,,,
192.169.192.134,1990,33.73258797,,,,,,
192.169.192.135,1897,33.89679684,,,,,,
192.169.192.136,1966,34.06697852,,,,,,
192.169.192.137,2004,34.24044957,,,,,,
192.169.192.138,2650,34.46983993,,,,,,
192.169.192.139,1977,34.64097379,,,,,,
192.169.192.14,2,34.64114692,,,,,,
192.169.192.140,6155,35.17393849,,,,,,
192.169.192.141,6136,35.70508537,,,,,,
192.169.192.142,6330,36.25302536,,,,,,
192.169.192.143,6399,36.80693815,,,,,,
192.169.192.144,2591,37.03122133,,,,,,
192.169.192.145,2219,37.22330329,,,,,,
192.169.192.146,2597,37.44810584,,,,,,
192.169.192.147,2749,37.68606588,,,,,,
192.169.192.148,2630,37.91372499,,,,,,
192.169.192.149,1907,38.07879948,,,,,,
192.169.192.15,2,38.07897261,,,,,,
192.169.192.150,1962,38.24880804,,,,,,
192.169.192.151,2628,38.47629402,,,,,,
192.169.192.152,1992,38.64872632,,,,,,
192.169.192.153,1959,38.81830206,,,,,,
192.169.192.154,1922,38.98467499,,,,,,
192.169.192.155,2131,39.16913947,,,,,,
192.169.192.156,6161,39.70245041,,,,,,
192.169.192.157,6175,40.23697322,,,,,,
192.169.192.158,1957,40.40637584,,,,,,
192.169.192.159,1972,40.57707689,,,,,,
192.169.192.16,2,40.57725002,,,,,,
192.169.192.160,1967,40.74751826,,,,,,
192.169.192.161,2001,40.92072962,,,,,,
192.169.192.162,3,40.9209893,,,,,,
192.169.192.163,3,40.92124899,,,,,,
192.169.192.164,3,40.92150868,,,,,,
192.169.192.165,3,40.92176837,,,,,,
192.169.192.166,3,40.92202805,,,,,,
192.169.192.167,3,40.92228774,,,,,,
192.169.192.168,3,40.92254743,,,,,,
192.169.192.169,3,40.92280711,,,,,,
192.169.192.17,2,40.92298024,,,,,,
192.169.192.170,3,40.92323993,,,,,,
192.169.192.171,3,40.92349961,,,,,,
192.169.192.172,3,40.9237593,,,,,,
192.169.192.173,3,40.92401899,,,,,,
192.169.192.174,3,40.92427868,,,,,,
192.169.192.175,3,40.92453836,,,,,,
192.169.192.176,3,40.92479805,,,,,,
192.169.192.177,3,40.92505774,,,,,,
192.169.192.178,3,40.92531742,,,,,,
192.169.192.179,2,40.92549055,,,,,,
192.169.192.18,2,40.92566367,,,,,,
192.169.192.180,3,40.92592336,,,,,,
192.169.192.181,3,40.92618305,,,,,,
192.169.192.182,3,40.92644274,,,,,,
192.169.192.183,3,40.92670242,,,,,,
192.169.192.184,3,40.92696211,,,,,,
192.169.192.185,3,40.9272218,,,,,,
192.169.192.186,3,40.92748148,,,,,,
192.169.192.188,2,40.92765461,,,,,,
192.169.192.189,3,40.9279143,,,,,,
192.169.192.19,5,40.92834711,,,,,,
192.169.192.190,2,40.92852023,,,,,,
192.169.192.191,3,40.92877992,,,,,,
192.169.192.192,3,40.92903961,,,,,,
192.169.192.193,3,40.92929929,,,,,,
192.169.192.194,7,40.92990523,,,,,,
192.169.192.195,6,40.93042461,,,,,,
192.169.192.196,5,40.93085742,,,,,,
192.169.192.197,5,40.93129023,,,,,,
192.169.192.198,7,40.93189617,,,,,,
192.169.192.199,5,40.93232898,,,,,,
192.169.192.2,2,40.9325021,,,,,,
192.169.192.20,2,40.93267523,,,,,,
192.169.192.200,9,40.93345429,,,,,,
192.169.192.201,7,40.93406023,,,,,,
192.169.192.202,5,40.93449304,,,,,,
192.169.192.203,7,40.93509898,,,,,,
192.169.192.204,7,40.93570491,,,,,,
192.169.192.205,6,40.93622429,,,,,,
192.169.192.206,7,40.93683022,,,,,,
192.169.192.207,4,40.93717647,,,,,,
192.169.192.209,5,40.93760929,,,,,,
192.169.192.210,5,40.9380421,,,,,,
192.169.192.211,7,40.93864803,,,,,,
192.169.192.212,5,40.93908085,,,,,,
192.169.192.213,5,40.93951366,,,,,,
192.169.192.214,7,40.94011959,,,,,,
192.169.192.215,6,40.94063897,,,,,,
192.169.192.216,8,40.94133147,,,,,,
192.169.192.217,7,40.9419374,,,,,,
192.169.192.218,4,40.94228365,,,,,,
192.169.192.219,7,40.94288959,,,,,,
192.169.192.22,1,40.94297615,,,,,,
192.169.192.220,7,40.94358209,,,,,,
192.169.192.221,6,40.94410146,,,,,,
192.169.192.222,7,40.9447074,,,,,,
192.169.192.223,13,40.94583271,,,,,,
192.169.192.224,12,40.94687146,,,,,,
192.169.192.225,11,40.94782365,,,,,,
192.169.192.226,2,40.94799677,,,,,,
192.169.192.227,2,40.9481699,,,,,,
192.169.192.228,2,40.94834302,,,,,,
192.169.192.23,2,40.94851615,,,,,,
192.169.192.230,2,40.94868927,,,,,,
192.169.192.231,2,40.9488624,,,,,,
192.169.192.232,2,40.94903552,,,,,,
192.169.192.233,2,40.94920865,,,,,,
192.169.192.235,2,40.94938177,,,,,,
192.169.192.236,1,40.94946833,,,,,,
192.169.192.237,2,40.94964146,,,,,,
192.169.192.238,2,40.94981458,,,,,,
192.169.192.239,2,40.94998771,,,,,,
192.169.192.24,1,40.95007427,,,,,,
192.169.192.240,2,40.9502474,,,,,,
192.169.192.241,2,40.95042052,,,,,,
192.169.192.243,2,40.95059364,,,,,,
192.169.192.244,2,40.95076677,,,,,,
192.169.192.245,2,40.95093989,,,,,,
192.169.192.246,2,40.95111302,,,,,,
192.169.192.247,2,40.95128614,,,,,,
192.169.192.248,2,40.95145927,,,,,,
192.169.192.249,2,40.95163239,,,,,,
192.169.192.25,1,40.95171896,,,,,,
192.169.192.250,2,40.95189208,,,,,,
192.169.192.251,2,40.95206521,,,,,,
192.169.192.252,2,40.95223833,,,,,,
192.169.192.253,2,40.95241146,,,,,,
192.169.192.254,2,40.95258458,,,,,,
192.169.192.255,2,40.9527577,,,,,,
192.169.192.26,1,40.95284427,,,,,,
192.169.192.28,5,40.95327708,,,,,,
192.169.192.29,2,40.9534502,,,,,,
192.169.192.30,2,40.95362333,,,,,,
192.169.192.31,6,40.9541427,,,,,,
192.169.192.32,4,40.95448895,,,,,,
192.169.192.33,2,40.95466208,,,,,,
192.169.192.35,1,40.95474864,,,,,,
192.169.192.36,1,40.9548352,,,,,,
192.169.192.37,1,40.95492176,,,,,,
192.169.192.38,1,40.95500833,,,,,,
192.169.192.39,1,40.95509489,,,,,,
192.169.192.40,1,40.95518145,,,,,,
192.169.192.41,1,40.95526801,,,,,,
192.169.192.42,1,40.95535458,,,,,,
192.169.192.43,1,40.95544114,,,,,,
192.169.192.44,1,40.9555277,,,,,,
192.169.192.45,1,40.95561426,,,,,,
192.169.192.46,1,40.95570083,,,,,,
192.169.192.47,1,40.95578739,,,,,,
192.169.192.48,1,40.95587395,,,,,,
192.169.192.49,1,40.95596051,,,,,,
192.169.192.5,3,40.9562202,,,,,,
192.169.192.50,1,40.95630676,,,,,,
192.169.192.51,1,40.95639333,,,,,,
192.169.192.53,1,40.95647989,,,,,,
192.169.192.54,1,40.95656645,,,,,,
192.169.192.56,1,40.95665301,,,,,,
192.169.192.57,1,40.95673958,,,,,,
192.169.192.58,1,40.95682614,,,,,,
192.169.192.59,1,40.9569127,,,,,,
192.169.192.6,1,40.95699926,,,,,,
192.169.192.60,1,40.95708582,,,,,,
192.169.192.62,1,40.95717239,,,,,,
192.169.192.64,1,40.95725895,,,,,,
192.169.192.65,1,40.95734551,,,,,,
192.169.192.66,2004,41.13081656,,,,,,
192.169.192.67,6299,41.67607311,,,,,,
192.169.192.68,6066,42.20116063,,,,,,
192.169.192.69,2508,42.41825913,,,,,,
192.169.192.70,2200,42.6086964,,,,,,
192.169.192.71,6039,43.13144673,,,,,,
192.169.192.72,2583,43.35503741,,,,,,
192.169.192.73,2197,43.545215,,,,,,
192.169.192.74,2508,43.7623135,,,,,,
192.169.192.75,6314,44.30886849,,,,,,
192.169.192.76,6291,44.85343255,,,,,,
192.169.192.77,6285,45.39747723,,,,,,
192.169.192.78,6344,45.94662909,,,,,,
192.169.192.79,2680,46.17861632,,,,,,
192.169.192.8,1,46.17870288,,,,,,
192.169.192.80,1968,46.34905768,,,,,,
192.169.192.81,1991,46.52140342,,,,,,
192.169.192.82,2627,46.74880284,,,,,,
192.169.192.83,1960,46.91846514,,,,,,
192.169.192.84,1963,47.08838713,,,,,,
192.169.192.85,2003,47.26177162,,,,,,
192.169.192.86,2115,47.4448511,,,,,,
192.169.192.87,1959,47.61442684,,,,,,
192.169.192.88,1965,47.78452195,,,,,,
192.169.192.89,2135,47.96933267,,,,,,
192.169.192.9,1,47.96941924,,,,,,
192.169.192.90,1993,48.1419381,,,,,,
192.169.192.91,1959,48.31151384,,,,,,
192.169.192.92,6031,48.83357167,,,,,,
192.169.192.93,5208,49.28438864,,,,,,
192.169.192.94,2702,49.51828025,,,,,,
192.169.192.95,2610,49.74420811,,,,,,
192.169.192.96,2621,49.97108816,,,,,,
192.169.192.97,1893,50.13495078,,,,,,
192.169.192.98,2,50.13512391,,,,,,
192.169.192.99,36,50.13824015,,,,,,
192.169.193.0,2,50.13841328,,,,,,
192.169.193.1,2,50.1385864,,,,,,
192.169.193.10,7,50.13919234,,,,,,
192.169.193.11,8,50.13988484,,,,,,
192.169.193.12,7,50.14049077,,,,,,
192.169.193.13,6,50.14101015,,,,,,
192.169.193.14,8,50.14170265,,,,,,
192.169.193.15,8,50.14239515,,,,,,
192.169.193.16,8,50.14308765,,,,,,
192.169.193.17,7,50.14369358,,,,,,
192.169.193.18,8,50.14438608,,,,,,
192.169.193.19,8,50.14507858,,,,,,
192.169.193.2,8,50.14577108,,,,,,
192.169.193.20,7,50.14637702,,,,,,
192.169.193.22,8,50.14706952,,,,,,
192.169.193.23,7,50.14767545,,,,,,
192.169.193.24,7,50.14828139,,,,,,
192.169.193.25,8,50.14897389,,,,,,
192.169.193.27,8,50.14966639,,,,,,
192.169.193.28,6,50.15018576,,,,,,
192.169.193.29,7,50.1507917,,,,,,
192.169.193.3,7,50.15139764,,,,,,
192.169.193.30,8,50.15209014,,,,,,
192.169.193.31,8,50.15278263,,,,,,
192.169.193.32,8,50.15347513,,,,,,
192.169.193.33,8,50.15416763,,,,,,
192.169.193.5,7,50.15477357,,,,,,
192.169.193.6,7,50.15537951,,,,,,
192.169.193.8,8,50.15607201,,,,,,
192.169.193.9,7,50.15667794,,,,,,
192.170.0.10,3,50.15693763,,,,,,
192.170.0.100,5,50.15737044,,,,,,
192.170.0.101,4,50.15771669,,,,,,
192.170.0.102,5,50.1581495,,,,,,
192.170.0.103,5,50.15858232,,,,,,
192.170.0.104,6,50.15910169,,,,,,
192.170.0.105,5,50.1595345,,,,,,
192.170.0.106,4,50.15988075,,,,,,
192.170.0.107,4,50.160227,,,,,,
192.170.0.108,4,50.16057325,,,,,,
192.170.0.109,5,50.16100606,,,,,,
192.170.0.11,4,50.16135231,,,,,,
192.170.0.110,4,50.16169856,,,,,,
192.170.0.111,6,50.16221794,,,,,,
192.170.0.112,6,50.16273731,,,,,,
192.170.0.113,4,50.16308356,,,,,,
192.170.0.114,4,50.16342981,,,,,,
192.170.0.115,4,50.16377606,,,,,,
192.170.0.116,4,50.16412231,,,,,,
192.170.0.117,4,50.16446856,,,,,,
192.170.0.118,4,50.16481481,,,,,,
192.170.0.119,4,50.16516106,,,,,,
192.170.0.12,5,50.16559387,,,,,,
192.170.0.120,6,50.16611324,,,,,,
192.170.0.121,4,50.16645949,,,,,,
192.170.0.122,4,50.16680574,,,,,,
192.170.0.123,3,50.16706543,,,,,,
192.170.0.124,4,50.16741168,,,,,,
192.170.0.125,4,50.16775793,,,,,,
192.170.0.126,4,50.16810418,,,,,,
192.170.0.127,3,50.16836387,,,,,,
192.170.0.128,4,50.16871012,,,,,,
192.170.0.129,5,50.16914293,,,,,,
192.170.0.13,4,50.16948918,,,,,,
192.170.0.130,7,50.17009511,,,,,,
192.170.0.131,5,50.17052793,,,,,,
192.170.0.132,4,50.17087418,,,,,,
192.170.0.133,4,50.17122043,,,,,,
192.170.0.134,4,50.17156668,,,,,,
192.170.0.135,4,50.17191293,,,,,,
192.170.0.136,3,50.17217261,,,,,,
192.170.0.137,4,50.17251886,,,,,,
192.170.0.138,4,50.17286511,,,,,,
192.170.0.139,7,50.17347105,,,,,,
192.170.0.14,4,50.1738173,,,,,,
192.170.0.140,5,50.17425011,,,,,,
192.170.0.141,2,50.17442323,,,,,,
192.170.0.142,6,50.17494261,,,,,,
192.170.0.143,5,50.17537542,,,,,,
192.170.0.144,5,50.17580823,,,,,,
192.170.0.145,5,50.17624105,,,,,,
192.170.0.146,4,50.17658729,,,,,,
192.170.0.147,5,50.17702011,,,,,,
192.170.0.148,4,50.17736636,,,,,,
192.170.0.149,4,50.17771261,,,,,,
192.170.0.15,4,50.17805886,,,,,,
192.170.0.150,3,50.17831854,,,,,,
192.170.0.151,4,50.17866479,,,,,,
192.170.0.152,4,50.17901104,,,,,,
192.170.0.153,3,50.17927073,,,,,,
192.170.0.154,4,50.17961698,,,,,,
192.170.0.155,4,50.17996323,,,,,,
192.170.0.156,2,50.18013635,,,,,,
192.170.0.157,5,50.18056917,,,,,,
192.170.0.158,4,50.18091541,,,,,,
192.170.0.159,4,50.18126166,,,,,,
192.170.0.16,3,50.18152135,,,,,,
192.170.0.160,4,50.1818676,,,,,,
192.170.0.161,5,50.18230041,,,,,,
192.170.0.162,2,50.18247354,,,,,,
192.170.0.163,3,50.18273323,,,,,,
192.170.0.164,3,50.18299291,,,,,,
192.170.0.165,3,50.1832526,,,,,,
192.170.0.166,2,50.18342572,,,,,,
192.170.0.167,3,50.18368541,,,,,,
192.170.0.168,3,50.1839451,,,,,,
192.170.0.169,2,50.18411822,,,,,,
192.170.0.17,4,50.18446447,,,,,,
192.170.0.170,3,50.18472416,,,,,,
192.170.0.171,3,50.18498385,,,,,,
192.170.0.172,4,50.1853301,,,,,,
192.170.0.173,4,50.18567635,,,,,,
192.170.0.174,3,50.18593603,,,,,,
192.170.0.175,3,50.18619572,,,,,,
192.170.0.176,4,50.18654197,,,,,,
192.170.0.177,4,50.18688822,,,,,,
192.170.0.178,3,50.18714791,,,,,,
192.170.0.179,3,50.18740759,,,,,,
192.170.0.18,4,50.18775384,,,,,,
192.170.0.180,4,50.18810009,,,,,,
192.170.0.181,2,50.18827322,,,,,,
192.170.0.182,3,50.18853291,,,,,,
192.170.0.183,4,50.18887916,,,,,,
192.170.0.185,3,50.18913884,,,,,,
192.170.0.186,2,50.18931197,,,,,,
192.170.0.187,2,50.18948509,,,,,,
192.170.0.188,2,50.18965822,,,,,,
192.170.0.189,1,50.18974478,,,,,,
192.170.0.19,4,50.19009103,,,,,,
192.170.0.190,2,50.19026415,,,,,,
192.170.0.191,3,50.19052384,,,,,,
192.170.0.193,3,50.19078353,,,,,,
192.170.0.194,3,50.19104322,,,,,,
192.170.0.195,3,50.1913029,,,,,,
192.170.0.196,3,50.19156259,,,,,,
192.170.0.197,4,50.19190884,,,,,,
192.170.0.198,3,50.19216853,,,,,,
192.170.0.199,3,50.19242821,,,,,,
192.170.0.2,4,50.19277446,,,,,,
192.170.0.20,3,50.19303415,,,,,,
192.170.0.200,6,50.19355352,,,,,,
192.170.0.201,3,50.19381321,,,,,,
192.170.0.202,4,50.19415946,,,,,,
192.170.0.203,3,50.19441915,,,,,,
192.170.0.204,3,50.19467884,,,,,,
192.170.0.205,3,50.19493852,,,,,,
192.170.0.206,4,50.19528477,,,,,,
192.170.0.207,2,50.1954579,,,,,,
192.170.0.208,3,50.19571758,,,,,,
192.170.0.209,3,50.19597727,,,,,,
192.170.0.21,3,50.19623696,,,,,,
192.170.0.210,4,50.19658321,,,,,,
192.170.0.211,3,50.1968429,,,,,,
192.170.0.212,3,50.19710258,,,,,,
192.170.0.213,4,50.19744883,,,,,,
192.170.0.214,3,50.19770852,,,,,,
192.170.0.215,3,50.19796821,,,,,,
192.170.0.216,6,50.19848758,,,,,,
192.170.0.217,3,50.19874727,,,,,,
192.170.0.218,4,50.19909352,,,,,,
192.170.0.219,3,50.19935321,,,,,,
192.170.0.22,3,50.19961289,,,,,,
192.170.0.220,3,50.19987258,,,,,,
192.170.0.221,3,50.20013227,,,,,,
192.170.0.222,4,50.20047852,,,,,,
192.170.0.223,5,50.20091133,,,,,,
192.170.0.224,5,50.20134414,,,,,,
192.170.0.225,4,50.20169039,,,,,,
192.170.0.226,2,50.20186352,,,,,,
192.170.0.227,1,50.20195008,,,,,,
192.170.0.228,2,50.2021232,,,,,,
192.170.0.229,2,50.20229633,,,,,,
192.170.0.23,3,50.20255601,,,,,,
192.170.0.230,3,50.2028157,,,,,,
192.170.0.231,2,50.20298883,,,,,,
192.170.0.232,3,50.20324851,,,,,,
192.170.0.233,3,50.2035082,,,,,,
192.170.0.234,2,50.20368133,,,,,,
192.170.0.235,2,50.20385445,,,,,,
192.170.0.236,2,50.20402758,,,,,,
192.170.0.237,2,50.2042007,,,,,,
192.170.0.238,2,50.20437382,,,,,,
192.170.0.239,1,50.20446039,,,,,,
192.170.0.24,3,50.20472007,,,,,,
192.170.0.240,3,50.20497976,,,,,,
192.170.0.241,2,50.20515289,,,,,,
192.170.0.242,2,50.20532601,,,,,,
192.170.0.243,1,50.20541257,,,,,,
192.170.0.244,2,50.2055857,,,,,,
192.170.0.245,3,50.20584539,,,,,,
192.170.0.246,2,50.20601851,,,,,,
192.170.0.247,2,50.20619164,,,,,,
192.170.0.248,4,50.20653788,,,,,,
192.170.0.249,2,50.20671101,,,,,,
192.170.0.25,3,50.2069707,,,,,,
192.170.0.250,3,50.20723038,,,,,,
192.170.0.251,2,50.20740351,,,,,,
192.170.0.252,2,50.20757663,,,,,,
192.170.0.253,2,50.20774976,,,,,,
192.170.0.254,3,50.20800945,,,,,,
192.170.0.255,3,50.20826913,,,,,,
192.170.0.26,3,50.20852882,,,,,,
192.170.0.27,4,50.20887507,,,,,,
192.170.0.28,4,50.20922132,,,,,,
192.170.0.29,5,50.20965413,,,,,,
192.170.0.3,4,50.21000038,,,,,,
192.170.0.30,1,50.21008694,,,,,,
192.170.0.31,4,50.21043319,,,,,,
192.170.0.32,4,50.21077944,,,,,,
192.170.0.33,5,50.21121225,,,,,,
192.170.0.34,5586,50.69474982,,,,,,
192.170.0.35,6277,51.238102,,,,,,
192.170.0.36,1692,51.38456558,,,,,,
192.170.0.37,1795,51.53994508,,,,,,
192.170.0.38,1555,51.67454962,,,,,,
192.170.0.39,1673,51.81936851,,,,,,
192.170.0.4,3,51.8196282,,,,,,
192.170.0.40,5877,52.32835542,,,,,,
192.170.0.41,1569,52.46417182,,,,,,
192.170.0.42,1802,52.62015727,,,,,,
192.170.0.43,1899,52.78453926,,,,,,
192.170.0.44,1750,52.93602346,,,,,,
192.170.0.45,2078,53.11590013,,,,,,
192.170.0.46,1783,53.27024089,,,,,,
192.170.0.47,2065,53.44899224,,,,,,
192.170.0.48,1997,53.62185735,,,,,,
192.170.0.49,1495,53.75126814,,,,,,
192.170.0.5,3,53.75152783,,,,,,
192.170.0.50,5889,54.2612938,,,,,,
192.170.0.51,1655,54.40455457,,,,,,
192.170.0.52,5575,54.88713994,,,,,,
192.170.0.53,2403,55.09514939,,,,,,
192.170.0.54,2441,55.30644821,,,,,,
192.170.0.55,5580,55.78946639,,,,,,
192.170.0.56,1588,55.92692748,,,,,,
192.170.0.57,2432,56.13744724,,,,,,
192.170.0.58,2419,56.34684168,,,,,,
192.170.0.59,6199,56.883442,,,,,,
192.170.0.6,3,56.88370169,,,,,,
192.170.0.60,2263,57.07959239,,,,,,
192.170.0.61,1344,57.19593226,,,,,,
192.170.0.62,2402,57.40385514,,,,,,
192.170.0.63,6224,57.94261952,,,,,,
192.170.0.64,1599,58.08103279,,,,,,
192.170.0.65,2439,58.29215849,,,,,,
192.170.0.66,4,58.29250473,,,,,,
192.170.0.67,5,58.29293755,,,,,,
192.170.0.68,5,58.29337036,,,,,,
192.170.0.69,4,58.29371661,,,,,,
192.170.0.7,3,58.2939763,,,,,,
192.170.0.70,5,58.29440911,,,,,,
192.170.0.71,5,58.29484192,,,,,,
192.170.0.72,5,58.29527473,,,,,,
192.170.0.73,5,58.29570754,,,,,,
192.170.0.74,4,58.29605379,,,,,,
192.170.0.75,4,58.29640004,,,,,,
192.170.0.76,7,58.29700598,,,,,,
192.170.0.77,4,58.29735223,,,,,,
192.170.0.78,6,58.2978716,,,,,,
192.170.0.79,5,58.29830442,,,,,,
192.170.0.8,3,58.2985641,,,,,,
192.170.0.80,3,58.29882379,,,,,,
192.170.0.81,4,58.29917004,,,,,,
192.170.0.82,3,58.29942973,,,,,,
192.170.0.83,4,58.29977598,,,,,,
192.170.0.84,4,58.30012223,,,,,,
192.170.0.85,5,58.30055504,,,,,,
192.170.0.86,4,58.30090129,,,,,,
192.170.0.87,4,58.30124754,,,,,,
192.170.0.88,5,58.30168035,,,,,,
192.170.0.89,4,58.3020266,,,,,,
192.170.0.9,3,58.30228629,,,,,,
192.170.0.90,5,58.3027191,,,,,,
192.170.0.91,3,58.30297879,,,,,,
192.170.0.92,4,58.30332503,,,,,,
192.170.0.93,4,58.30367128,,,,,,
192.170.0.94,5,58.3041041,,,,,,
192.170.0.95,3,58.30436378,,,,,,
192.170.0.96,3,58.30462347,,,,,,
192.170.0.97,3,58.30488316,,,,,,
192.170.0.98,3,58.30514285,,,,,,
192.170.0.99,4,58.30548909,,,,,,
192.170.1.0,3,58.30574878,,,,,,
192.170.1.1,4,58.30609503,,,,,,
192.170.1.10,2,58.30626816,,,,,,
192.170.1.100,3,58.30652784,,,,,,
192.170.1.102,1,58.30661441,,,,,,
192.170.1.103,3,58.30687409,,,,,,
192.170.1.104,1,58.30696066,,,,,,
192.170.1.105,1,58.30704722,,,,,,
192.170.1.107,2,58.30722034,,,,,,
192.170.1.108,2,58.30739347,,,,,,
192.170.1.109,1,58.30748003,,,,,,
192.170.1.11,4,58.30782628,,,,,,
192.170.1.111,1,58.30791284,,,,,,
192.170.1.112,1,58.3079994,,,,,,
192.170.1.113,1,58.30808597,,,,,,
192.170.1.114,1,58.30817253,,,,,,
192.170.1.116,1,58.30825909,,,,,,
192.170.1.117,1,58.30834565,,,,,,
192.170.1.119,1,58.30843222,,,,,,
192.170.1.12,3,58.3086919,,,,,,
192.170.1.122,1,58.30877847,,,,,,
192.170.1.123,1,58.30886503,,,,,,
192.170.1.124,2,58.30903815,,,,,,
192.170.1.127,2,58.30921128,,,,,,
192.170.1.128,1,58.30929784,,,,,,
192.170.1.129,3,58.30955753,,,,,,
192.170.1.13,2,58.30973065,,,,,,
192.170.1.130,1,58.30981721,,,,,,
192.170.1.133,2,58.30999034,,,,,,
192.170.1.136,2,58.31016346,,,,,,
192.170.1.138,2,58.31033659,,,,,,
192.170.1.139,1,58.31042315,,,,,,
192.170.1.14,4,58.3107694,,,,,,
192.170.1.143,3,58.31102909,,,,,,
192.170.1.144,3,58.31128878,,,,,,
192.170.1.145,1,58.31137534,,,,,,
192.170.1.146,2,58.31154846,,,,,,
192.170.1.147,1,58.31163503,,,,,,
192.170.1.148,2,58.31180815,,,,,,
192.170.1.15,3,58.31206784,,,,,,
192.170.1.150,2,58.31224096,,,,,,
192.170.1.151,2,58.31241409,,,,,,
192.170.1.153,1,58.31250065,,,,,,
192.170.1.155,1,58.31258721,,,,,,
192.170.1.159,2,58.31276034,,,,,,
192.170.1.16,3,58.31302002,,,,,,
192.170.1.160,2,58.31319315,,,,,,
192.170.1.161,1,58.31327971,,,,,,
192.170.1.162,1,58.31336627,,,,,,
192.170.1.163,1,58.31345284,,,,,,
192.170.1.164,3,58.31371252,,,,,,
192.170.1.165,1,58.31379909,,,,,,
192.170.1.166,2,58.31397221,,,,,,
192.170.1.167,3,58.3142319,,,,,,
192.170.1.168,3,58.31449158,,,,,,
192.170.1.169,2,58.31466471,,,,,,
192.170.1.17,4,58.31501096,,,,,,
192.170.1.170,1,58.31509752,,,,,,
192.170.1.171,2,58.31527065,,,,,,
192.170.1.172,2,58.31544377,,,,,,
192.170.1.173,1,58.31553033,,,,,,
192.170.1.174,1,58.3156169,,,,,,
192.170.1.175,3,58.31587658,,,,,,
192.170.1.176,3,58.31613627,,,,,,
192.170.1.177,1,58.31622283,,,,,,
192.170.1.178,1,58.31630939,,,,,,
192.170.1.179,2,58.31648252,,,,,,
192.170.1.18,3,58.31674221,,,,,,
192.170.1.187,1,58.31682877,,,,,,
192.170.1.189,2,58.31700189,,,,,,
192.170.1.19,1,58.31708846,,,,,,
192.170.1.190,1,58.31717502,,,,,,
192.170.1.191,1,58.31726158,,,,,,
192.170.1.192,1,58.31734814,,,,,,
192.170.1.194,1,58.31743471,,,,,,
192.170.1.195,3,58.31769439,,,,,,
192.170.1.196,4,58.31804064,,,,,,
192.170.1.197,2,58.31821377,,,,,,
192.170.1.198,1,58.31830033,,,,,,
192.170.1.199,3,58.31856002,,,,,,
192.170.1.2,5,58.31899283,,,,,,
192.170.1.20,2,58.31916595,,,,,,
192.170.1.200,3,58.31942564,,,,,,
192.170.1.201,1,58.3195122,,,,,,
192.170.1.202,2,58.31968533,,,,,,
192.170.1.203,2,58.31985845,,,,,,
192.170.1.204,4,58.3202047,,,,,,
192.170.1.205,2,58.32037783,,,,,,
192.170.1.206,3,58.32063751,,,,,,
192.170.1.207,1,58.32072408,,,,,,
192.170.1.208,1,58.32081064,,,,,,
192.170.1.209,4,58.32115689,,,,,,
192.170.1.21,2,58.32133001,,,,,,
192.170.1.210,1,58.32141658,,,,,,
192.170.1.211,2,58.3215897,,,,,,
192.170.1.212,3,58.32184939,,,,,,
192.170.1.213,2,58.32202251,,,,,,
192.170.1.214,2,58.32219564,,,,,,
192.170.1.215,3,58.32245533,,,,,,
192.170.1.216,2,58.32262845,,,,,,
192.170.1.217,2,58.32280157,,,,,,
192.170.1.218,2,58.3229747,,,,,,
192.170.1.219,2,58.32314782,,,,,,
192.170.1.22,3,58.32340751,,,,,,
192.170.1.220,3,58.3236672,,,,,,
192.170.1.221,3,58.32392689,,,,,,
192.170.1.222,2,58.32410001,,,,,,
192.170.1.223,3,58.3243597,,,,,,
192.170.1.224,2,58.32453282,,,,,,
192.170.1.225,1,58.32461939,,,,,,
192.170.1.226,2,58.32479251,,,,,,
192.170.1.227,2,58.32496563,,,,,,
192.170.1.228,1,58.3250522,,,,,,
192.170.1.229,1,58.32513876,,,,,,
192.170.1.23,3,58.32539845,,,,,,
192.170.1.231,1,58.32548501,,,,,,
192.170.1.232,1,58.32557157,,,,,,
192.170.1.234,1,58.32565813,,,,,,
192.170.1.235,1,58.3257447,,,,,,
192.170.1.237,2,58.32591782,,,,,,
192.170.1.238,1,58.32600438,,,,,,
192.170.1.239,2,58.32617751,,,,,,
192.170.1.24,4,58.32652376,,,,,,
192.170.1.240,1,58.32661032,,,,,,
192.170.1.242,1,58.32669688,,,,,,
192.170.1.243,2,58.32687001,,,,,,
192.170.1.244,2,58.32704313,,,,,,
192.170.1.245,2,58.32721626,,,,,,
192.170.1.246,1,58.32730282,,,,,,
192.170.1.247,2,58.32747594,,,,,,
192.170.1.248,2,58.32764907,,,,,,
192.170.1.249,1,58.32773563,,,,,,
192.170.1.25,3,58.32799532,,,,,,
192.170.1.250,2,58.32816844,,,,,,
192.170.1.251,2,58.32834157,,,,,,
192.170.1.252,3,58.32860126,,,,,,
192.170.1.253,3,58.32886094,,,,,,
192.170.1.254,2,58.32903407,,,,,,
192.170.1.255,2,58.32920719,,,,,,
192.170.1.26,3,58.32946688,,,,,,
192.170.1.27,2,58.32964,,,,,,
192.170.1.28,2,58.32981313,,,,,,
192.170.1.29,3,58.33007282,,,,,,
192.170.1.3,2,58.33024594,,,,,,
192.170.1.30,2,58.33041907,,,,,,
192.170.1.33,3,58.33067875,,,,,,
192.170.1.37,1,58.33076532,,,,,,
192.170.1.4,2,58.33093844,,,,,,
192.170.1.40,2,58.33111157,,,,,,
192.170.1.42,1,58.33119813,,,,,,
192.170.1.49,1,58.33128469,,,,,,
192.170.1.5,2,58.33145781,,,,,,
192.170.1.6,4,58.33180406,,,,,,
192.170.1.60,1,58.33189063,,,,,,
192.170.1.63,1,58.33197719,,,,,,
192.170.1.68,1,58.33206375,,,,,,
192.170.1.69,1,58.33215031,,,,,,
192.170.1.7,2,58.33232344,,,,,,
192.170.1.71,1,58.33241,,,,,,
192.170.1.72,2,58.33258313,,,,,,
192.170.1.74,1,58.33266969,,,,,,
192.170.1.8,3,58.33292938,,,,,,
192.170.1.82,1,58.33301594,,,,,,
192.170.1.9,4,58.33336219,,,,,,
192.170.1.92,1,58.33344875,,,,,,
192.170.1.95,1,58.33353531,,,,,,
192.170.1.96,1,58.33362187,,,,,,
192.170.1.98,1,58.33370844,,,,,,
192.170.1.99,1,58.333795,,,,,,
192.170.128.100,5,58.33422781,,,,,,
192.170.128.101,4,58.33457406,,,,,,
192.170.128.102,1,58.33466062,,,,,,
192.170.128.103,5,58.33509344,,,,,,
192.170.128.104,2,58.33526656,,,,,,
192.170.128.105,1,58.33535312,,,,,,
192.170.128.106,4,58.33569937,,,,,,
192.170.128.107,4,58.33604562,,,,,,
192.170.128.108,1,58.33613218,,,,,,
192.170.128.109,2,58.33630531,,,,,,
192.170.128.110,5,58.33673812,,,,,,
192.170.128.111,2,58.33691125,,,,,,
192.170.128.112,2,58.33708437,,,,,,
192.170.128.113,1,58.33717093,,,,,,
192.170.128.114,4,58.33751718,,,,,,
192.170.128.115,2,58.33769031,,,,,,
192.170.128.116,2,58.33786343,,,,,,
192.170.128.117,1,58.33794999,,,,,,
192.170.128.118,5,58.33838281,,,,,,
192.170.128.119,2,58.33855593,,,,,,
192.170.128.120,2,58.33872906,,,,,,
192.170.128.121,5,58.33916187,,,,,,
192.170.128.122,2,58.33933499,,,,,,
192.170.128.123,3,58.33959468,,,,,,
192.170.128.124,3,58.33985437,,,,,,
192.170.128.126,1,58.33994093,,,,,,
192.170.128.127,1,58.34002749,,,,,,
192.170.128.128,4,58.34037374,,,,,,
192.170.128.129,5,58.34080655,,,,,,
192.170.128.130,4,58.3411528,,,,,,
192.170.128.131,4,58.34149905,,,,,,
192.170.128.132,1,58.34158562,,,,,,
192.170.128.133,3,58.3418453,,,,,,
192.170.128.134,5,58.34227811,,,,,,
192.170.128.135,1,58.34236468,,,,,,
192.170.128.136,5,58.34279749,,,,,,
192.170.128.137,5,58.3432303,,,,,,
192.170.128.138,3,58.34348999,,,,,,
192.170.128.139,4,58.34383624,,,,,,
192.170.128.140,7,58.34444217,,,,,,
192.170.128.141,4,58.34478842,,,,,,
192.170.128.142,3,58.34504811,,,,,,
192.170.128.143,3,58.3453078,,,,,,
192.170.128.144,2,58.34548092,,,,,,
192.170.128.145,4,58.34582717,,,,,,
192.170.128.146,6,58.34634655,,,,,,
192.170.128.147,3,58.34660623,,,,,,
192.170.128.148,3,58.34686592,,,,,,
192.170.128.149,1,58.34695248,,,,,,
192.170.128.150,5,58.3473853,,,,,,
192.170.128.151,3,58.34764498,,,,,,
192.170.128.152,5,58.3480778,,,,,,
192.170.128.153,5,58.34851061,,,,,,
192.170.128.154,1,58.34859717,,,,,,
192.170.128.155,7,58.34920311,,,,,,
192.170.128.156,4,58.34954936,,,,,,
192.170.128.157,7,58.35015529,,,,,,
192.170.128.158,4,58.35050154,,,,,,
192.170.128.159,5,58.35093435,,,,,,
192.170.128.160,4,58.3512806,,,,,,
192.170.128.161,4,58.35162685,,,,,,
192.170.128.34,2,58.35179998,,,,,,
192.170.128.35,1,58.35188654,,,,,,
192.170.128.36,3,58.35214623,,,,,,
192.170.128.37,5,58.35257904,,,,,,
192.170.128.39,3,58.35283873,,,,,,
192.170.128.40,1,58.35292529,,,,,,
192.170.128.42,5,58.3533581,,,,,,
192.170.128.43,5,58.35379091,,,,,,
192.170.128.44,5,58.35422373,,,,,,
192.170.128.45,2,58.35439685,,,,,,
192.170.128.46,3,58.35465654,,,,,,
192.170.128.47,2,58.35482966,,,,,,
192.170.128.48,2,58.35500279,,,,,,
192.170.128.49,1,58.35508935,,,,,,
192.170.128.50,4,58.3554356,,,,,,
192.170.128.51,2,58.35560872,,,,,,
192.170.128.52,2,58.35578185,,,,,,
192.170.128.53,1,58.35586841,,,,,,
192.170.128.54,5,58.35630122,,,,,,
192.170.128.55,2,58.35647435,,,,,,
192.170.128.56,2,58.35664747,,,,,,
192.170.128.57,5,58.35708028,,,,,,
192.170.128.58,1,58.35716685,,,,,,
192.170.128.59,3,58.35742653,,,,,,
192.170.128.60,2,58.35759966,,,,,,
192.170.128.62,1,58.35768622,,,,,,
192.170.128.63,1,58.35777278,,,,,,
192.170.128.64,2,58.35794591,,,,,,
192.170.128.65,5,58.35837872,,,,,,
192.170.128.98,3,58.35863841,,,,,,
192.170.128.99,5,58.35907122,,,,,,
192.170.129.100,4,58.35941747,,,,,,
192.170.129.101,7,58.36002341,,,,,,
192.170.129.102,4,58.36036966,,,,,,
192.170.129.103,4,58.36071591,,,,,,
192.170.129.104,2,58.36088903,,,,,,
192.170.129.105,4,58.36123528,,,,,,
192.170.129.106,7,58.36184122,,,,,,
192.170.129.107,2,58.36201434,,,,,,
192.170.129.108,4,58.36236059,,,,,,
192.170.129.109,3,58.36262028,,,,,,
192.170.129.110,6,58.36313965,,,,,,
192.170.129.111,2,58.36331278,,,,,,
192.170.129.112,3,58.36357246,,,,,,
192.170.129.113,4,58.36391871,,,,,,
192.170.129.114,7,58.36452465,,,,,,
192.170.129.115,1,58.36461121,,,,,,
192.170.129.116,4,58.36495746,,,,,,
192.170.129.117,3,58.36521715,,,,,,
192.170.129.119,4,58.3655634,,,,,,
192.170.129.120,4,58.36590965,,,,,,
192.170.129.122,3,58.36616934,,,,,,
192.170.129.123,7,58.36677527,,,,,,
192.170.129.124,4,58.36712152,,,,,,
192.170.129.125,7,58.36772746,,,,,,
192.170.129.126,3,58.36798715,,,,,,
192.170.129.127,3,58.36824683,,,,,,
192.170.129.128,7,58.36885277,,,,,,
192.170.129.129,4,58.36919902,,,,,,
192.170.129.163,5,58.36963183,,,,,,
192.170.129.164,3,58.36989152,,,,,,
192.170.129.165,6,58.37041089,,,,,,
192.170.129.166,2,58.37058402,,,,,,
192.170.129.167,3,58.37084371,,,,,,
192.170.129.168,4,58.37118996,,,,,,
192.170.129.169,1,58.37127652,,,,,,
192.170.129.170,6,58.37179589,,,,,,
192.170.129.171,3,58.37205558,,,,,,
192.170.129.172,6,58.37257495,,,,,,
192.170.129.173,5,58.37300777,,,,,,
192.170.129.174,3,58.37326745,,,,,,
192.170.129.175,3,58.37352714,,,,,,
192.170.129.176,6,58.37404652,,,,,,
192.170.129.177,5,58.37447933,,,,,,
192.170.129.178,3,58.37473901,,,,,,
192.170.129.179,2,58.37491214,,,,,,
192.170.129.180,2,58.37508526,,,,,,
192.170.129.182,5,58.37551808,,,,,,
192.170.129.183,2,58.3756912,,,,,,
192.170.129.184,5,58.37612401,,,,,,
192.170.129.185,5,58.37655682,,,,,,
192.170.129.186,1,58.37664339,,,,,,
192.170.129.187,7,58.37724932,,,,,,
192.170.129.188,3,58.37750901,,,,,,
192.170.129.189,6,58.37802839,,,,,,
192.170.129.190,3,58.37828807,,,,,,
192.170.129.191,4,58.37863432,,,,,,
192.170.129.192,5,58.37906713,,,,,,
192.170.129.193,5,58.37949995,,,,,,
192.170.129.196,1,58.37958651,,,,,,
192.170.129.197,1,58.37967307,,,,,,
192.170.129.198,4,58.38001932,,,,,,
192.170.129.199,1,58.38010588,,,,,,
192.170.129.200,4,58.38045213,,,,,,
192.170.129.201,4,58.38079838,,,,,,
192.170.129.202,1,58.38088494,,,,,,
192.170.129.203,1,58.38097151,,,,,,
192.170.129.204,1,58.38105807,,,,,,
192.170.129.205,5,58.38149088,,,,,,
192.170.129.206,2,58.38166401,,,,,,
192.170.129.207,2,58.38183713,,,,,,
192.170.129.208,5,58.38226994,,,,,,
192.170.129.209,1,58.38235651,,,,,,
192.170.129.210,2,58.38252963,,,,,,
192.170.129.211,5,58.38296244,,,,,,
192.170.129.213,1,58.383049,,,,,,
192.170.129.214,3,58.38330869,,,,,,
192.170.129.216,5,58.3837415,,,,,,
192.170.129.217,3,58.38400119,,,,,,
192.170.129.218,1,58.38408775,,,,,,
192.170.129.219,1,58.38417432,,,,,,
192.170.129.220,3,58.384434,,,,,,
192.170.129.222,5,58.38486682,,,,,,
192.170.129.223,4,58.38521306,,,,,,
192.170.129.224,4,58.38555931,,,,,,
192.170.129.225,4,58.38590556,,,,,,
192.170.129.98,7,58.3865115,,,,,,
192.170.129.99,3,58.38677119,,,,,,
192.170.131.226,3,58.38703088,,,,,,
192.170.131.227,3,58.38729056,,,,,,
192.170.131.228,3,58.38755025,,,,,,
192.170.131.229,1,58.38763681,,,,,,
192.170.131.230,5,58.38806962,,,,,,
192.170.131.231,3,58.38832931,,,,,,
192.170.131.232,5,58.38876212,,,,,,
192.170.131.233,5,58.38919494,,,,,,
192.170.131.234,1,58.3892815,,,,,,
192.170.131.235,7,58.38988743,,,,,,
192.170.131.236,4,58.39023368,,,,,,
192.170.131.237,7,58.39083962,,,,,,
192.170.131.238,4,58.39118587,,,,,,
192.170.131.239,4,58.39153212,,,,,,
192.170.131.240,5,58.39196493,,,,,,
192.170.131.241,5,58.39239774,,,,,,
192.170.131.242,1,58.39248431,,,,,,
192.170.131.243,7,58.39309024,,,,,,
192.170.131.244,1,58.39317681,,,,,,
192.170.131.245,3,58.39343649,,,,,,
192.170.131.246,5,58.3938693,,,,,,
192.170.131.247,1,58.39395587,,,,,,
192.170.131.248,7,58.3945618,,,,,,
192.170.131.249,5,58.39499462,,,,,,
192.170.131.250,3,58.3952543,,,,,,
192.170.131.251,3,58.39551399,,,,,,
192.170.131.252,5,58.3959468,,,,,,
192.170.131.253,2,58.39611993,,,,,,
192.170.131.254,7,58.39672586,,,,,,
192.170.131.255,6,58.39724524,,,,,,
192.170.132.0,3,58.39750493,,,,,,
192.170.132.1,3,58.39776461,,,,,,
192.170.133.66,2,58.39793774,,,,,,
192.170.133.67,2,58.39811086,,,,,,
192.170.133.68,3,58.39837055,,,,,,
192.170.133.69,1,58.39845711,,,,,,
192.170.133.70,6,58.39897649,,,,,,
192.170.133.71,3,58.39923617,,,,,,
192.170.133.72,3,58.39949586,,,,,,
192.170.133.73,5,58.39992867,,,,,,
192.170.133.74,1,58.40001523,,,,,,
192.170.133.75,6,58.40053461,,,,,,
192.170.133.77,2,58.40070773,,,,,,
192.170.133.78,4,58.40105398,,,,,,
192.170.133.79,2,58.40122711,,,,,,
192.170.133.80,5,58.40165992,,,,,,
192.170.133.81,3,58.40191961,,,,,,
192.170.133.82,2,58.40209273,,,,,,
192.170.133.84,3,58.40235242,,,,,,
192.170.133.85,2,58.40252554,,,,,,
192.170.133.87,3,58.40278523,,,,,,
192.170.133.88,3,58.40304492,,,,,,
192.170.133.90,1,58.40313148,,,,,,
192.170.133.91,5,58.40356429,,,,,,
192.170.133.92,2,58.40373742,,,,,,
192.170.133.93,6,58.40425679,,,,,,
192.170.133.94,2,58.40442992,,,,,,
192.170.133.95,2,58.40460304,,,,,,
192.170.133.96,2,58.40477617,,,,,,
192.170.133.97,3,58.40503585,,,,,,
192.170.135.229,1,58.40512242,,,,,,
192.170.135.232,3,58.4053821,,,,,,
192.170.135.234,1,58.40546867,,,,,,
192.170.135.238,3,58.40572835,,,,,,
192.170.135.240,3,58.40598804,,,,,,
192.170.135.242,1,58.4060746,,,,,,
192.170.135.244,3,58.40633429,,,,,,
192.170.135.247,3,58.40659398,,,,,,
192.170.135.254,1,58.40668054,,,,,,
192.170.136.10,27,58.40901772,,,,,,
192.170.136.101,1,58.40910429,,,,,,
192.170.136.102,1,58.40919085,,,,,,
192.170.136.105,1,58.40927741,,,,,,
192.170.136.106,1,58.40936397,,,,,,
192.170.136.109,1,58.40945054,,,,,,
192.170.136.11,15,58.41074897,,,,,,
192.170.136.110,1,58.41083553,,,,,,
192.170.136.111,2,58.41100866,,,,,,
192.170.136.113,1,58.41109522,,,,,,
192.170.136.114,1,58.41118178,,,,,,
192.170.136.115,4,58.41152803,,,,,,
192.170.136.116,1,58.4116146,,,,,,
192.170.136.119,1,58.41170116,,,,,,
192.170.136.12,25,58.41386522,,,,,,
192.170.136.120,4,58.41421147,,,,,,
192.170.136.123,1,58.41429803,,,,,,
192.170.136.124,3,58.41455772,,,,,,
192.170.136.125,4,58.41490397,,,,,,
192.170.136.128,1,58.41499053,,,,,,
192.170.136.13,21,58.41680834,,,,,,
192.170.136.132,2,58.41698147,,,,,,
192.170.136.134,4,58.41732771,,,,,,
192.170.136.135,2,58.41750084,,,,,,
192.170.136.136,1,58.4175874,,,,,,
192.170.136.137,4,58.41793365,,,,,,
192.170.136.139,4,58.4182799,,,,,,
192.170.136.14,6,58.41879928,,,,,,
192.170.136.141,1,58.41888584,,,,,,
192.170.136.142,2,58.41905896,,,,,,
192.170.136.144,4,58.41940521,,,,,,
192.170.136.145,1,58.41949177,,,,,,
192.170.136.147,1,58.41957834,,,,,,
192.170.136.149,2,58.41975146,,,,,,
192.170.136.15,17,58.42122302,,,,,,
192.170.136.150,1,58.42130959,,,,,,
192.170.136.152,4,58.42165583,,,,,,
192.170.136.153,1,58.4217424,,,,,,
192.170.136.154,2,58.42191552,,,,,,
192.170.136.155,1,58.42200208,,,,,,
192.170.136.156,1,58.42208865,,,,,,
192.170.136.158,4,58.4224349,,,,,,
192.170.136.159,1,58.42252146,,,,,,
192.170.136.16,10,58.42338708,,,,,,
192.170.136.160,1,58.42347365,,,,,,
192.170.136.162,1,58.42356021,,,,,,
192.170.136.163,1,58.42364677,,,,,,
192.170.136.164,4,58.42399302,,,,,,
192.170.136.165,1,58.42407958,,,,,,
192.170.136.167,4,58.42442583,,,,,,
192.170.136.168,1,58.42451239,,,,,,
192.170.136.17,39,58.42788833,,,,,,
192.170.136.170,1,58.42797489,,,,,,
192.170.136.171,1,58.42806145,,,,,,
192.170.136.174,2,58.42823458,,,,,,
192.170.136.178,2,58.4284077,,,,,,
192.170.136.18,10,58.42927333,,,,,,
192.170.136.180,3,58.42953301,,,,,,
192.170.136.181,4,58.42987926,,,,,,
192.170.136.183,3,58.43013895,,,,,,
192.170.136.184,1,58.43022551,,,,,,
192.170.136.186,4,58.43057176,,,,,,
192.170.136.187,4,58.43091801,,,,,,
192.170.136.188,4,58.43126426,,,,,,
192.170.136.189,1,58.43135082,,,,,,
192.170.136.19,37,58.43455363,,,,,,
192.170.136.190,2,58.43472676,,,,,,
192.170.136.192,1,58.43481332,,,,,,
192.170.136.194,4,58.43515957,,,,,,
192.170.136.196,1,58.43524613,,,,,,
192.170.136.197,2,58.43541926,,,,,,
192.170.136.198,1,58.43550582,,,,,,
192.170.136.199,1,58.43559238,,,,,,
192.170.136.2,3,58.43585207,,,,,,
192.170.136.20,27,58.43818925,,,,,,
192.170.136.200,4,58.4385355,,,,,,
192.170.136.201,1,58.43862207,,,,,,
192.170.136.202,2,58.43879519,,,,,,
192.170.136.203,2,58.43896831,,,,,,
192.170.136.205,2,58.43914144,,,,,,
192.170.136.206,1,58.439228,,,,,,
192.170.136.207,2,58.43940113,,,,,,
192.170.136.208,4,58.43974738,,,,,,
192.170.136.209,3,58.44000706,,,,,,
192.170.136.21,38,58.44329643,,,,,,
192.170.136.210,1,58.443383,,,,,,
192.170.136.212,1,58.44346956,,,,,,
192.170.136.213,2,58.44364268,,,,,,
192.170.136.214,1,58.44372925,,,,,,
192.170.136.215,1,58.44381581,,,,,,
192.170.136.216,5,58.44424862,,,,,,
192.170.136.217,1,58.44433518,,,,,,
192.170.136.218,2,58.44450831,,,,,,
192.170.136.219,2,58.44468143,,,,,,
192.170.136.22,30,58.44727831,,,,,,
192.170.136.221,2,58.44745143,,,,,,
192.170.136.222,1,58.44753799,,,,,,
192.170.136.226,3,58.44779768,,,,,,
192.170.136.227,1,58.44788424,,,,,,
192.170.136.228,3,58.44814393,,,,,,
192.170.136.229,4,58.44849018,,,,,,
192.170.136.23,28,58.45091393,,,,,,
192.170.136.230,1,58.45100049,,,,,,
192.170.136.231,3,58.45126018,,,,,,
192.170.136.232,1,58.45134674,,,,,,
192.170.136.233,1,58.4514333,,,,,,
192.170.136.234,4,58.45177955,,,,,,
192.170.136.235,5,58.45221236,,,,,,
192.170.136.236,1,58.45229892,,,,,,
192.170.136.238,1,58.45238549,,,,,,
192.170.136.239,4,58.45273174,,,,,,
192.170.136.24,11,58.45368392,,,,,,
192.170.136.240,1,58.45377048,,,,,,
192.170.136.241,1,58.45385705,,,,,,
192.170.136.242,4,58.4542033,,,,,,
192.170.136.243,1,58.45428986,,,,,,
192.170.136.244,1,58.45437642,,,,,,
192.170.136.245,2,58.45454955,,,,,,
192.170.136.246,1,58.45463611,,,,,,
192.170.136.247,1,58.45472267,,,,,,
192.170.136.248,5,58.45515548,,,,,,
192.170.136.249,1,58.45524205,,,,,,
192.170.136.25,30,58.45783892,,,,,,
192.170.136.250,2,58.45801204,,,,,,
192.170.136.251,3,58.45827173,,,,,,
192.170.136.253,2,58.45844485,,,,,,
192.170.136.254,1,58.45853142,,,,,,
192.170.136.26,38,58.46182079,,,,,,
192.170.136.27,32,58.46459078,,,,,,
192.170.136.28,22,58.46649516,,,,,,
192.170.136.29,25,58.46865922,,,,,,
192.170.136.3,20,58.47039047,,,,,,
192.170.136.30,41,58.47393952,,,,,,
192.170.136.31,24,58.47601702,,,,,,
192.170.136.32,23,58.47800796,,,,,,
192.170.136.33,8,58.47870046,,,,,,
192.170.136.38,3,58.47896014,,,,,,
192.170.136.4,34,58.48190326,,,,,,
192.170.136.41,3,58.48216295,,,,,,
192.170.136.44,1,58.48224951,,,,,,
192.170.136.45,2,58.48242264,,,,,,
192.170.136.47,2,58.48259576,,,,,,
192.170.136.5,27,58.48493295,,,,,,
192.170.136.50,1,58.48501951,,,,,,
192.170.136.51,3,58.4852792,,,,,,
192.170.136.56,3,58.48553889,,,,,,
192.170.136.6,12,58.48657763,,,,,,
192.170.136.60,2,58.48675076,,,,,,
192.170.136.61,3,58.48701045,,,,,,
192.170.136.64,3,58.48727013,,,,,,
192.170.136.67,1,58.4873567,,,,,,
192.170.136.68,1,58.48744326,,,,,,
192.170.136.7,37,58.49064607,,,,,,
192.170.136.70,1,58.49073263,,,,,,
192.170.136.71,1,58.49081919,,,,,,
192.170.136.72,3,58.49107888,,,,,,
192.170.136.73,1,58.49116544,,,,,,
192.170.136.75,1,58.491252,,,,,,
192.170.136.76,2,58.49142513,,,,,,
192.170.136.77,2,58.49159825,,,,,,
192.170.136.8,31,58.49428169,,,,,,
192.170.136.81,3,58.49454138,,,,,,
192.170.136.83,4,58.49488762,,,,,,
192.170.136.87,1,58.49497419,,,,,,
192.170.136.88,4,58.49532044,,,,,,
192.170.136.9,10,58.49618606,,,,,,
192.170.136.91,1,58.49627262,,,,,,
192.170.136.92,3,58.49653231,,,,,,
192.170.136.93,3,58.496792,,,,,,
192.170.136.97,1,58.49687856,,,,,,
192.170.136.98,1,58.49696512,,,,,,
192.170.136.99,2,58.49713825,,,,,,
192.170.137.0,1,58.49722481,,,,,,
192.170.137.100,2008,58.67104211,,,,,,
192.170.137.101,2184,58.86009439,,,,,,
192.170.137.102,1824,59.0179842,,,,,,
192.170.137.103,2020,59.19284025,,,,,,
192.170.137.104,1885,59.35601037,,,,,,
192.170.137.105,1822,59.51372707,,,,,,
192.170.137.106,2187,59.70303903,,,,,,
192.170.137.107,3562,60.0113743,,,,,,
192.170.137.108,1969,60.18181566,,,,,,
192.170.137.109,1425,60.30516708,,,,,,
192.170.137.110,1318,60.41925633,,,,,,
192.170.137.111,1220,60.52486245,,,,,,
192.170.137.112,1922,60.69123538,,,,,,
192.170.137.113,1823,60.84903864,,,,,,
192.170.137.114,2175,61.03731186,,,,,,
192.170.137.115,1386,61.15728734,,,,,,
192.170.137.116,2089,61.33811619,,,,,,
192.170.137.117,1447,61.46337199,,,,,,
192.170.137.118,1374,61.58230872,,,,,,
192.170.137.119,2103,61.76434945,,,,,,
192.170.137.120,1596,61.90250304,,,,,,
192.170.137.121,1376,62.0216129,,,,,,
192.170.137.122,1443,62.14652244,,,,,,
192.170.137.123,2331,62.3482994,,,,,,
192.170.137.124,1272,62.45840677,,,,,,
192.170.137.125,3480,62.75964392,,,,,,
192.170.137.126,1439,62.88420721,,,,,,
192.170.137.127,1671,63.02885298,,,,,,
192.170.137.128,2142,63.21426964,,,,,,
192.170.137.129,2032,63.39016443,,,,,,
192.170.137.132,2,63.39033756,,,,,,
192.170.137.135,2,63.39051068,,,,,,
192.170.137.139,1,63.39059725,,,,,,
192.170.137.14,1,63.39068381,,,,,,
192.170.137.141,2,63.39085693,,,,,,
192.170.137.149,2,63.39103006,,,,,,
192.170.137.15,1,63.39111662,,,,,,
192.170.137.151,1,63.39120318,,,,,,
192.170.137.154,2,63.39137631,,,,,,
192.170.137.155,2,63.39154943,,,,,,
192.170.137.156,2,63.39172256,,,,,,
192.170.137.162,2,63.39189568,,,,,,
192.170.137.164,1,63.39198224,,,,,,
192.170.137.167,1,63.39206881,,,,,,
192.170.137.175,3,63.39232849,,,,,,
192.170.137.184,2,63.39250162,,,,,,
192.170.137.190,2,63.39267474,,,,,,
192.170.137.192,2,63.39284787,,,,,,
192.170.137.204,3,63.39310756,,,,,,
192.170.137.207,3,63.39336724,,,,,,
192.170.137.209,3,63.39362693,,,,,,
192.170.137.21,1,63.39371349,,,,,,
192.170.137.216,2,63.39388662,,,,,,
192.170.137.222,3,63.3941463,,,,,,
192.170.137.228,2,63.39431943,,,,,,
192.170.137.231,2,63.39449255,,,,,,
192.170.137.238,1,63.39457912,,,,,,
192.170.137.239,3,63.3948388,,,,,,
192.170.137.248,3,63.39509849,,,,,,
192.170.137.254,3,63.39535818,,,,,,
192.170.137.26,1,63.39544474,,,,,,
192.170.137.27,1,63.3955313,,,,,,
192.170.137.3,1,63.39561787,,,,,,
192.170.137.34,2,63.39579099,,,,,,
192.170.137.4,1,63.39587755,,,,,,
192.170.137.40,2,63.39605068,,,,,,
192.170.137.47,1,63.39613724,,,,,,
192.170.137.54,1,63.3962238,,,,,,
192.170.137.56,1,63.39631036,,,,,,
192.170.137.57,1,63.39639693,,,,,,
192.170.137.60,2,63.39657005,,,,,,
192.170.137.64,1,63.39665661,,,,,,
192.170.137.65,1,63.39674318,,,,,,
192.170.137.7,1,63.39682974,,,,,,
192.170.137.76,2,63.39700286,,,,,,
192.170.137.86,2,63.39717599,,,,,,
192.170.137.88,1,63.39726255,,,,,,
192.170.137.89,2,63.39743568,,,,,,
192.170.137.92,2,63.3976088,,,,,,
192.170.137.97,2,63.39778193,,,,,,
192.170.137.98,2328,63.59929919,,,,,,
192.170.137.99,1428,63.7229103,,,,,,
192.170.138.0,1,63.72299686,,,,,,
192.170.138.108,1,63.72308342,,,,,,
192.170.138.14,3,63.72334311,,,,,,
192.170.138.140,1,63.72342967,,,,,,
192.170.138.143,1,63.72351623,,,,,,
192.170.138.145,1,63.7236028,,,,,,
192.170.138.155,1,63.72368936,,,,,,
192.170.138.157,1,63.72377592,,,,,,
192.170.138.162,1,63.72386248,,,,,,
192.170.138.165,1,63.72394905,,,,,,
192.170.138.170,1,63.72403561,,,,,,
192.170.138.182,1,63.72412217,,,,,,
192.170.138.185,1,63.72420873,,,,,,
192.170.138.19,1,63.7242953,,,,,,
192.170.138.193,1,63.72438186,,,,,,
192.170.138.196,1,63.72446842,,,,,,
192.170.138.199,1,63.72455498,,,,,,
192.170.138.2,3,63.72481467,,,,,,
192.170.138.205,1,63.72490123,,,,,,
192.170.138.212,1,63.72498779,,,,,,
192.170.138.215,1,63.72507436,,,,,,
192.170.138.221,1,63.72516092,,,,,,
192.170.138.238,1,63.72524748,,,,,,
192.170.138.244,1,63.72533404,,,,,,
192.170.138.247,1,63.72542061,,,,,,
192.170.138.253,1,63.72550717,,,,,,
192.170.138.3,1,63.72559373,,,,,,
192.170.138.31,3,63.72585342,,,,,,
192.170.138.32,3,63.72611311,,,,,,
192.170.139.100,2014,63.90044978,,,,,,
192.170.139.101,2171,64.08837675,,,,,,
192.170.139.102,1805,64.24462188,,,,,,
192.170.139.103,2012,64.41878543,,,,,,
192.170.139.104,1833,64.5774543,,,,,,
192.170.139.105,1797,64.73300694,,,,,,
192.170.139.106,2180,64.92171297,,,,,,
192.170.139.107,3554,65.22935573,,,,,,
192.170.139.108,1914,65.39503617,,,,,,
192.170.139.109,1376,65.51414603,,,,,,
192.170.139.110,1306,65.62719652,,,,,,
192.170.139.111,1198,65.73089828,,,,,,
192.170.139.112,1841,65.89025965,,,,,,
192.170.139.113,1795,66.04563916,,,,,,
192.170.139.114,2158,66.23244082,,,,,,
192.170.139.115,1368,66.35085818,,,,,,
192.170.139.116,2084,66.53125422,,,,,,
192.170.139.117,1418,66.6539997,,,,,,
192.170.139.118,1343,66.770253,,,,,,
192.170.139.119,2079,66.95021623,,,,,,
192.170.139.120,1560,67.08525358,,,,,,
192.170.139.121,1353,67.2023725,,,,,,
192.170.139.122,1408,67.32425236,,,,,,
192.170.139.123,2429,67.53451243,,,,,,
192.170.139.124,1261,67.64366761,,,,,,
192.170.139.125,3456,67.94282727,,,,,,
192.170.139.126,1438,68.067304,,,,,,
192.170.139.127,1645,68.20969914,,,,,,
192.170.139.128,2147,68.39554862,,,,,,
192.170.139.129,2002,68.56884654,,,,,,
192.170.139.16,1,68.5689331,,,,,,
192.170.139.2,1,68.56901966,,,,,,
192.170.139.30,1,68.56910623,,,,,,
192.170.139.33,2,68.56927935,,,,,,
192.170.139.36,1,68.56936591,,,,,,
192.170.139.39,1,68.56945248,,,,,,
192.170.139.45,1,68.56953904,,,,,,
192.170.139.47,1,68.5696256,,,,,,
192.170.139.54,1,68.56971216,,,,,,
192.170.139.57,1,68.56979873,,,,,,
192.170.139.60,1,68.56988529,,,,,,
192.170.139.65,1,68.56997185,,,,,,
192.170.139.98,2451,68.78213629,,,,,,
192.170.139.99,1397,68.90306396,,,,,,
192.170.2.0,2,68.90323709,,,,,,
192.170.2.1,2,68.90341021,,,,,,
192.170.2.10,1,68.90349677,,,,,,
192.170.2.11,1,68.90358334,,,,,,
192.170.2.12,2,68.90375646,,,,,,
192.170.2.13,2,68.90392959,,,,,,
192.170.2.14,3,68.90418927,,,,,,
192.170.2.15,3,68.90444896,,,,,,
192.170.2.16,2,68.90462209,,,,,,
192.170.2.17,2,68.90479521,,,,,,
192.170.2.18,2,68.90496834,,,,,,
192.170.2.19,2,68.90514146,,,,,,
192.170.2.197,1,68.90522802,,,,,,
192.170.2.2,3,68.90548771,,,,,,
192.170.2.20,1,68.90557427,,,,,,
192.170.2.202,1,68.90566083,,,,,,
192.170.2.21,2,68.90583396,,,,,,
192.170.2.213,1,68.90592052,,,,,,
192.170.2.218,1,68.90600708,,,,,,
192.170.2.22,1,68.90609365,,,,,,
192.170.2.225,1,68.90618021,,,,,,
192.170.2.23,1,68.90626677,,,,,,
192.170.2.24,3,68.90652646,,,,,,
192.170.2.245,1,68.90661302,,,,,,
192.170.2.25,1,68.90669958,,,,,,
192.170.2.250,1,68.90678615,,,,,,
192.170.2.26,2,68.90695927,,,,,,
192.170.2.28,2,68.9071324,,,,,,
192.170.2.29,2,68.90730552,,,,,,
192.170.2.3,3,68.90756521,,,,,,
192.170.2.30,2,68.90773833,,,,,,
192.170.2.31,1,68.90782489,,,,,,
192.170.2.32,1,68.90791146,,,,,,
192.170.2.33,1,68.90799802,,,,,,
192.170.2.34,1,68.90808458,,,,,,
192.170.2.35,2,68.90825771,,,,,,
192.170.2.36,2,68.90843083,,,,,,
192.170.2.37,2,68.90860396,,,,,,
192.170.2.38,2,68.90877708,,,,,,
192.170.2.39,2,68.90895021,,,,,,
192.170.2.4,2,68.90912333,,,,,,
192.170.2.40,4,68.90946958,,,,,,
192.170.2.41,2,68.90964271,,,,,,
192.170.2.42,2,68.90981583,,,,,,
192.170.2.43,1,68.90990239,,,,,,
192.170.2.44,2,68.91007552,,,,,,
192.170.2.45,3,68.9103352,,,,,,
192.170.2.46,2,68.91050833,,,,,,
192.170.2.47,3,68.91076802,,,,,,
192.170.2.48,2,68.91094114,,,,,,
192.170.2.49,2,68.91111427,,,,,,
192.170.2.5,1,68.91120083,,,,,,
192.170.2.50,3,68.91146052,,,,,,
192.170.2.51,2,68.91163364,,,,,,
192.170.2.52,1,68.9117202,,,,,,
192.170.2.53,1,68.91180677,,,,,,
192.170.2.54,1,68.91189333,,,,,,
192.170.2.55,1,68.91197989,,,,,,
192.170.2.56,1,68.91206645,,,,,,
192.170.2.57,1,68.91215301,,,,,,
192.170.2.58,1,68.91223958,,,,,,
192.170.2.59,2,68.9124127,,,,,,
192.170.2.6,3,68.91267239,,,,,,
192.170.2.60,2,68.91284551,,,,,,
192.170.2.61,3,68.9131052,,,,,,
192.170.2.63,2,68.91327833,,,,,,
192.170.2.64,1,68.91336489,,,,,,
192.170.2.65,1,68.91345145,,,,,,
192.170.2.7,2,68.91362458,,,,,,
192.170.2.8,1,68.91371114,,,,,,
192.170.2.9,3,68.91397083,,,,,,
192.170.200.10,1136,69.01230571,,,,,,
192.170.200.11,764,69.07843938,,,,,,
192.170.200.12,817,69.14916086,,,,,,
192.170.200.13,905,69.22749984,,,,,,
192.170.200.14,704,69.28843976,,,,,,
192.170.200.15,863,69.36314312,,,,,,
192.170.200.16,2822,69.60742221,,,,,,
192.170.200.17,1920,69.77362201,,,,,,
192.170.200.18,1805,69.92986714,,,,,,
192.170.200.19,820,70.00084831,,,,,,
192.170.200.2,1008,70.08810321,,,,,,
192.170.200.20,1143,70.18704403,,,,,,
192.170.200.21,718,70.24919584,,,,,,
192.170.200.22,765,70.31541607,,,,,,
192.170.200.23,1154,70.41530908,,,,,,
192.170.200.24,820,70.48629025,,,,,,
192.170.200.25,760,70.55207767,,,,,,
192.170.200.26,734,70.61561447,,,,,,
192.170.200.27,1041,70.70572593,,,,,,
192.170.200.28,902,70.78380521,,,,,,
192.170.200.29,794,70.85253576,,,,,,
192.170.200.3,1018,70.94065628,,,,,,
192.170.200.30,853,71.01449401,,,,,,
192.170.200.31,1643,71.15671603,,,,,,
192.170.200.32,1642,71.29885149,,,,,,
192.170.200.33,2335,71.50097469,,,,,,
192.170.200.4,709,71.56234743,,,,,,
192.170.200.5,1113,71.65869138,,,,,,
192.170.200.6,819,71.72958599,,,,,,
192.170.200.7,720,71.79191092,,,,,,
192.170.200.8,766,71.85821771,,,,,,
192.170.200.9,825,71.92963169,,,,,,
192.170.201.100,3,71.92989138,,,,,,
192.170.201.101,3,71.93015107,,,,,,
192.170.201.102,3,71.93041076,,,,,,
192.170.201.103,3,71.93067044,,,,,,
192.170.201.104,3,71.93093013,,,,,,
192.170.201.105,3,71.93118982,,,,,,
192.170.201.106,3,71.9314495,,,,,,
192.170.201.107,3,71.93170919,,,,,,
192.170.201.108,3,71.93196888,,,,,,
192.170.201.109,3,71.93222857,,,,,,
192.170.201.110,3,71.93248825,,,,,,
192.170.201.111,3,71.93274794,,,,,,
192.170.201.112,3,71.93300763,,,,,,
192.170.201.113,3,71.93326732,,,,,,
192.170.201.114,3,71.933527,,,,,,
192.170.201.117,3,71.93378669,,,,,,
192.170.201.118,3,71.93404638,,,,,,
192.170.201.120,3,71.93430606,,,,,,
192.170.201.121,3,71.93456575,,,,,,
192.170.201.122,3,71.93482544,,,,,,
192.170.201.123,3,71.93508513,,,,,,
192.170.201.124,3,71.93534481,,,,,,
192.170.201.125,3,71.9356045,,,,,,
192.170.201.126,3,71.93586419,,,,,,
192.170.201.127,3,71.93612387,,,,,,
192.170.201.128,3,71.93638356,,,,,,
192.170.201.129,3,71.93664325,,,,,,
192.170.201.98,3,71.93690294,,,,,,
192.170.201.99,3,71.93716262,,,,,,
192.170.203.100,1349,72.0539353,,,,,,
192.170.203.101,944,72.1356502,,,,,,
192.170.203.102,878,72.21165199,,,,,,
192.170.203.103,1352,72.32868436,,,,,,
192.170.203.104,1855,72.48925761,,,,,,
192.170.203.105,887,72.56603845,,,,,,
192.170.203.106,941,72.64749367,,,,,,
192.170.203.107,3882,72.98352891,,,,,,
192.170.203.108,2536,73.20305115,,,,,,
192.170.203.109,1097,73.2980101,,,,,,
192.170.203.110,833,73.37011658,,,,,,
192.170.203.111,1259,73.47909864,,,,,,
192.170.203.112,1873,73.64123002,,,,,,
192.170.203.113,895,73.71870336,,,,,,
192.170.203.114,932,73.79937952,,,,,,
192.170.203.115,957,73.88221974,,,,,,
192.170.203.116,1135,73.98046806,,,,,,
192.170.203.117,892,74.05768172,,,,,,
192.170.203.118,1416,74.18025408,,,,,,
192.170.203.119,1132,74.27824271,,,,,,
192.170.203.120,1143,74.37718354,,,,,,
192.170.203.121,1427,74.50070808,,,,,,
192.170.203.122,891,74.57783518,,,,,,
192.170.203.123,1019,74.66604226,,,,,,
192.170.203.124,1563,74.80133929,,,,,,
192.170.203.125,1779,74.9553338,,,,,,
192.170.203.126,1069,75.04786901,,,,,,
192.170.203.127,962,75.13114204,,,,,,
192.170.203.128,918,75.21060632,,,,,,
192.170.203.129,1337,75.32634025,,,,,,
192.170.203.98,1017,75.41437421,,,,,,
192.170.203.99,3140,75.68618014,,,,,,
192.170.204.10,1804,75.84233871,,,,,,
192.170.204.100,6,75.84285808,,,,,,
192.170.204.101,6,75.84337746,,,,,,
192.170.204.102,6,75.84389683,,,,,,
192.170.204.103,6,75.84441621,,,,,,
192.170.204.104,6,75.84493558,,,,,,
192.170.204.105,6,75.84545495,,,,,,
192.170.204.106,6,75.84597433,,,,,,
192.170.204.107,6,75.8464937,,,,,,
192.170.204.108,6,75.84701308,,,,,,
192.170.204.109,6,75.84753245,,,,,,
192.170.204.11,1928,76.01442476,,,,,,
192.170.204.110,6,76.01494413,,,,,,
192.170.204.111,6,76.01546351,,,,,,
192.170.204.112,6,76.01598288,,,,,,
192.170.204.113,6,76.01650226,,,,,,
192.170.204.114,6,76.01702163,,,,,,
192.170.204.115,6,76.017541,,,,,,
192.170.204.116,6,76.01806038,,,,,,
192.170.204.117,6,76.01857975,,,,,,
192.170.204.118,6,76.01909913,,,,,,
192.170.204.119,6,76.0196185,,,,,,
192.170.204.12,1119,76.11648183,,,,,,
192.170.204.121,6,76.1170012,,,,,,
192.170.204.122,6,76.11752058,,,,,,
192.170.204.123,6,76.11803995,,,,,,
192.170.204.124,6,76.11855932,,,,,,
192.170.204.125,6,76.1190787,,,,,,
192.170.204.126,6,76.11959807,,,,,,
192.170.204.127,6,76.12011745,,,,,,
192.170.204.128,6,76.12063682,,,,,,
192.170.204.129,6,76.1211562,,,,,,
192.170.204.13,1641,76.26320509,,,,,,
192.170.204.14,1426,76.38664308,,,,,,
192.170.204.15,1691,76.53302009,,,,,,
192.170.204.16,2345,76.73600892,,,,,,
192.170.204.17,5681,77.22776991,,,,,,
192.170.204.18,3341,77.51697489,,,,,,
192.170.204.19,1847,77.67685564,,,,,,
192.170.204.2,1272,77.78696301,,,,,,
192.170.204.20,1804,77.94312158,,,,,,
192.170.204.21,1477,78.07097424,,,,,,
192.170.204.22,1994,78.24357967,,,,,,
192.170.204.23,1815,78.40069042,,,,,,
192.170.204.24,1449,78.52611934,,,,,,
192.170.204.25,2023,78.70123507,,,,,,
192.170.204.26,1479,78.82926086,,,,,,
192.170.204.27,1666,78.97347382,,,,,,
192.170.204.28,1636,79.1150899,,,,,,
192.170.204.29,1130,79.21290541,,,,,,
192.170.204.3,1501,79.34283558,,,,,,
192.170.204.30,1835,79.50167758,,,,,,
192.170.204.31,1440,79.62632743,,,,,,
192.170.204.32,1454,79.75218916,,,,,,
192.170.204.33,1722,79.90124961,,,,,,
192.170.204.4,1475,80.02892915,,,,,,
192.170.204.5,1803,80.18500116,,,,,,
192.170.204.6,1454,80.31086289,,,,,,
192.170.204.7,1469,80.43802305,,,,,,
192.170.204.8,1967,80.60829129,,,,,,
192.170.204.9,1469,80.73545146,,,,,,
192.170.204.98,6,80.73597083,,,,,,
192.170.204.99,6,80.73649021,,,,,,
192.170.3.0,1,80.73657677,,,,,,
192.170.3.17,1,80.73666333,,,,,,
192.170.3.255,1,80.73674989,,,,,,
192.170.3.37,1,80.73683646,,,,,,
192.170.3.42,1,80.73692302,,,,,,
192.170.3.72,1,80.73700958,,,,,,
192.170.3.76,1,80.73709614,,,,,,
192.170.5.66,2408,80.9455384,,,,,,
192.170.5.67,1495,81.07494919,,,,,,
192.170.5.68,1765,81.22773182,,,,,,
192.170.5.69,1693,81.37428196,,,,,,
192.170.5.70,1741,81.5249871,,,,,,
192.170.5.71,1777,81.67880849,,,,,,
192.170.5.72,2078,81.85868515,,,,,,
192.170.5.73,1728,82.00826498,,,,,,
192.170.5.74,1688,82.15438231,,,,,,
192.170.5.75,6299,82.69963886,,,,,,
192.170.5.76,1539,82.83285839,,,,,,
192.170.5.77,5908,83.34426905,,,,,,
192.170.5.78,1739,83.49480106,,,,,,
192.170.5.79,2414,83.70376269,,,,,,
192.170.5.80,5947,84.21854928,,,,,,
192.170.5.81,5283,84.67585844,,,,,,
192.170.5.82,5451,85.14771008,,,,,,
192.170.5.83,5897,85.65816855,,,,,,
192.170.5.84,5879,86.16706889,,,,,,
192.170.5.85,2386,86.37360678,,,,,,
192.170.5.86,1373,86.49245695,,,,,,
192.170.5.87,5889,87.00222292,,,,,,
192.170.5.88,2285,87.200018,,,,,,
192.170.5.89,1376,87.31912787,,,,,,
192.170.5.90,2395,87.52644481,,,,,,
192.170.5.91,5961,88.04244328,,,,,,
192.170.5.92,1603,88.1812028,,,,,,
192.170.5.93,2465,88.39457912,,,,,,
192.170.5.94,2395,88.60189606,,,,,,
192.170.5.95,5441,89.07288208,,,,,,
192.170.5.96,5454,89.5449934,,,,,,
192.170.5.97,1650,89.68782136,,,,,,
192.170.64.100,3,89.68808105,,,,,,
192.170.64.101,3,89.68834074,,,,,,
192.170.64.102,2,89.68851386,,,,,,
192.170.64.103,3,89.68877355,,,,,,
192.170.64.104,3,89.68903324,,,,,,
192.170.64.105,2,89.68920636,,,,,,
192.170.64.106,3,89.68946605,,,,,,
192.170.64.107,2,89.68963917,,,,,,
192.170.64.108,3,89.68989886,,,,,,
192.170.64.109,3,89.69015855,,,,,,
192.170.64.110,3,89.69041823,,,,,,
192.170.64.111,3,89.69067792,,,,,,
192.170.64.112,3,89.69093761,,,,,,
192.170.64.113,3,89.6911973,,,,,,
192.170.64.114,3,89.69145698,,,,,,
192.170.64.115,3,89.69171667,,,,,,
192.170.64.116,3,89.69197636,,,,,,
192.170.64.117,3,89.69223605,,,,,,
192.170.64.118,3,89.69249573,,,,,,
192.170.64.119,3,89.69275542,,,,,,
192.170.64.120,3,89.69301511,,,,,,
192.170.64.121,3,89.69327479,,,,,,
192.170.64.122,3,89.69353448,,,,,,
192.170.64.123,3,89.69379417,,,,,,
192.170.64.124,3,89.69405386,,,,,,
192.170.64.125,3,89.69431354,,,,,,
192.170.64.126,3,89.69457323,,,,,,
192.170.64.127,3,89.69483292,,,,,,
192.170.64.128,3,89.6950926,,,,,,
192.170.64.129,3,89.69535229,,,,,,
192.170.64.130,768,89.76183221,,,,,,
192.170.64.131,1626,89.90258268,,,,,,
192.170.64.132,1567,90.03822596,,,,,,
192.170.64.133,1566,90.17378267,,,,,,
192.170.64.134,1502,90.3037994,,,,,,
192.170.64.135,1577,90.4403083,,,,,,
192.170.64.136,1451,90.56591034,,,,,,
192.170.64.137,1507,90.69635988,,,,,,
192.170.64.138,1570,90.83226284,,,,,,
192.170.64.139,1373,90.95111302,,,,,,
192.170.64.140,1471,91.07844631,,,,,,
192.170.64.141,1617,91.21841771,,,,,,
192.170.64.142,1327,91.33328601,,,,,,
192.170.64.143,1513,91.46425492,,,,,,
192.170.64.144,1307,91.57739198,,,,,,
192.170.64.145,726,91.64023628,,,,,,
192.170.64.146,1385,91.7601252,,,,,,
192.170.64.147,1575,91.89646098,,,,,,
192.170.64.148,1577,92.03296989,,,,,,
192.170.64.149,1575,92.16930567,,,,,,
192.170.64.150,1445,92.29438833,,,,,,
192.170.64.151,1574,92.43063755,,,,,,
192.170.64.152,1510,92.56134677,,,,,,
192.170.64.153,1460,92.68772788,,,,,,
192.170.64.154,1566,92.82328459,,,,,,
192.170.64.155,1664,92.96732443,,,,,,
192.170.64.156,1611,93.10677645,,,,,,
192.170.64.157,1483,93.23514849,,,,,,
192.170.64.158,1280,93.34594836,,,,,,
192.170.64.159,3267,93.62874772,,,,,,
192.170.64.160,3276,93.91232614,,,,,,
192.170.64.161,1698,94.05930909,,,,,,
192.170.64.34,6,94.05982847,,,,,,
192.170.64.35,6,94.06034784,,,,,,
192.170.64.36,5,94.06078065,,,,,,
192.170.64.38,6,94.06130003,,,,,,
192.170.64.39,5,94.06173284,,,,,,
192.170.64.40,6,94.06225222,,,,,,
192.170.64.41,6,94.06277159,,,,,,
192.170.64.43,6,94.06329096,,,,,,
192.170.64.44,6,94.06381034,,,,,,
192.170.64.45,6,94.06432971,,,,,,
192.170.64.46,6,94.06484909,,,,,,
192.170.64.47,6,94.06536846,,,,,,
192.170.64.48,6,94.06588784,,,,,,
192.170.64.49,6,94.06640721,,,,,,
192.170.64.50,6,94.06692658,,,,,,
192.170.64.51,6,94.06744596,,,,,,
192.170.64.52,6,94.06796533,,,,,,
192.170.64.53,6,94.06848471,,,,,,
192.170.64.54,6,94.06900408,,,,,,
192.170.64.55,6,94.06952346,,,,,,
192.170.64.56,6,94.07004283,,,,,,
192.170.64.57,6,94.07056221,,,,,,
192.170.64.58,6,94.07108158,,,,,,
192.170.64.59,6,94.07160095,,,,,,
192.170.64.60,6,94.07212033,,,,,,
192.170.64.61,6,94.0726397,,,,,,
192.170.64.62,6,94.07315908,,,,,,
192.170.64.63,6,94.07367845,,,,,,
192.170.64.64,6,94.07419783,,,,,,
192.170.64.65,6,94.0747172,,,,,,
192.170.64.98,3,94.07497689,,,,,,
192.170.64.99,3,94.07523658,,,,,,
192.170.65.100,3052,94.33942502,,,,,,
192.170.65.101,1506,94.46978799,,,,,,
192.170.65.102,1652,94.61278908,,,,,,
192.170.65.103,3051,94.87689096,,,,,,
192.170.65.104,1691,95.02326797,,,,,,
192.170.65.105,1648,95.16592281,,,,,,
192.170.65.106,1502,95.29593953,,,,,,
192.170.65.107,1616,95.43582437,,,,,,
192.170.65.108,819,95.50671897,,,,,,
192.170.65.109,1511,95.63751476,,,,,,
192.170.65.110,1323,95.75203681,,,,,,
192.170.65.111,1439,95.87660011,,,,,,
192.170.65.112,1686,96.02254431,,,,,,
192.170.65.113,1647,96.16511258,,,,,,
192.170.65.114,1497,96.29469649,,,,,,
192.170.65.115,1661,96.43847664,,,,,,
192.170.65.116,1772,96.59186521,,,,,,
192.170.65.117,1696,96.73867504,,,,,,
192.170.65.118,3675,97.05679186,,,,,,
192.170.65.119,1768,97.20983418,,,,,,
192.170.65.120,3745,97.53401037,,,,,,
192.170.65.121,3677,97.85230031,,,,,,
192.170.65.122,1694,97.99893701,,,,,,
192.170.65.123,1577,98.13544592,,,,,,
192.170.65.124,1524,98.26736701,,,,,,
192.170.65.125,1759,98.41963027,,,,,,
192.170.65.126,1823,98.57743353,,,,,,
192.170.65.127,1471,98.70476682,,,,,,
192.170.65.128,1485,98.83331198,,,,,,
192.170.65.129,3069,99.09897198,,,,,,
192.170.65.162,5,99.0994048,,,,,,
192.170.65.163,10,99.10027042,,,,,,
192.170.65.164,17,99.10174198,,,,,,
192.170.65.165,2,99.10191511,,,,,,
192.170.65.166,3,99.10217479,,,,,,
192.170.65.167,17,99.10364635,,,,,,
192.170.65.168,5,99.10407917,,,,,,
192.170.65.169,3,99.10433885,,,,,,
192.170.65.170,2,99.10451198,,,,,,
192.170.65.171,6,99.10503135,,,,,,
192.170.65.172,9,99.10581041,,,,,,
192.170.65.173,1,99.10589698,,,,,,
192.170.65.174,1,99.10598354,,,,,,
192.170.65.175,6,99.10650291,,,,,,
192.170.65.176,8,99.10719541,,,,,,
192.170.65.178,1,99.10728198,,,,,,
192.170.65.179,6,99.10780135,,,,,,
192.170.65.180,3,99.10806104,,,,,,
192.170.65.181,5,99.10849385,,,,,,
192.170.65.182,3,99.10875354,,,,,,
192.170.65.183,3,99.10901322,,,,,,
192.170.65.184,6,99.1095326,,,,,,
192.170.65.185,3,99.10979228,,,,,,
192.170.65.186,4,99.11013853,,,,,,
192.170.65.187,6,99.11065791,,,,,,
192.170.65.188,6,99.11117728,,,,,,
192.170.65.190,5,99.1116101,,,,,,
192.170.65.191,2,99.11178322,,,,,,
192.170.65.192,6,99.11230259,,,,,,
192.170.65.193,3,99.11256228,,,,,,
192.170.65.194,5,99.11299509,,,,,,
192.170.65.195,5,99.11342791,,,,,,
192.170.65.196,5,99.11386072,,,,,,
192.170.65.197,5,99.11429353,,,,,,
192.170.65.198,5,99.11472634,,,,,,
192.170.65.199,5,99.11515915,,,,,,
192.170.65.200,5,99.11559197,,,,,,
192.170.65.201,5,99.11602478,,,,,,
192.170.65.202,5,99.11645759,,,,,,
192.170.65.203,5,99.1168904,,,,,,
192.170.65.204,5,99.11732321,,,,,,
192.170.65.205,5,99.11775603,,,,,,
192.170.65.206,5,99.11818884,,,,,,
192.170.65.207,5,99.11862165,,,,,,
192.170.65.208,5,99.11905446,,,,,,
192.170.65.209,5,99.11948727,,,,,,
192.170.65.210,5,99.11992009,,,,,,
192.170.65.211,5,99.1203529,,,,,,
192.170.65.212,5,99.12078571,,,,,,
192.170.65.213,5,99.12121852,,,,,,
192.170.65.214,5,99.12165133,,,,,,
192.170.65.215,5,99.12208415,,,,,,
192.170.65.217,5,99.12251696,,,,,,
192.170.65.218,5,99.12294977,,,,,,
192.170.65.219,5,99.12338258,,,,,,
192.170.65.220,5,99.12381539,,,,,,
192.170.65.221,5,99.12424821,,,,,,
192.170.65.222,5,99.12468102,,,,,,
192.170.65.223,5,99.12511383,,,,,,
192.170.65.224,5,99.12554664,,,,,,
192.170.65.225,5,99.12597945,,,,,,
192.170.65.98,1582,99.26292117,,,,,,
192.170.65.99,875,99.33866327,,,,,,
192.170.67.226,177,99.35398481,,,,,,
192.170.67.227,184,99.36991229,,,,,,
192.170.67.228,178,99.3853204,,,,,,
192.170.67.229,147,99.39804507,,,,,,
192.170.67.230,252,99.4198588,,,,,,
192.170.67.231,178,99.43526691,,,,,,
192.170.67.232,170,99.44998251,,,,,,
192.170.67.233,254,99.47196936,,,,,,
192.170.67.234,142,99.48426122,,,,,,
192.170.67.235,218,99.50313183,,,,,,
192.170.67.236,510,99.54727865,,,,,,
192.170.67.237,113,99.5570602,,,,,,
192.170.67.238,434,99.59462828,,,,,,
192.170.67.239,167,99.6090842,,,,,,
192.170.67.240,181,99.624752,,,,,,
192.170.67.241,263,99.64751791,,,,,,
192.170.67.242,143,99.65989633,,,,,,
192.170.67.243,208,99.67790131,,,,,,
192.170.67.244,182,99.69365567,,,,,,
192.170.67.245,171,99.70845784,,,,,,
192.170.67.246,185,99.72447188,,,,,,
192.170.67.247,190,99.74091874,,,,,,
192.170.67.248,284,99.76550246,,,,,,
192.170.67.249,178,99.78091057,,,,,,
192.170.67.250,163,99.79502024,,,,,,
192.170.67.251,176,99.81025522,,,,,,
192.170.67.252,282,99.83466582,,,,,,
192.170.67.253,227,99.85431548,,,,,,
192.170.67.254,745,99.91880447,,,,,,
192.170.67.255,420,99.95516068,,,,,,
192.170.68.0,138,99.96710629,,,,,,
192.170.68.1,176,99.98234127,,,,,,
192.170.69.66,7,99.98294721,,,,,,
192.170.69.67,6,99.98346658,,,,,,
192.170.69.68,7,99.98407252,,,,,,
192.170.69.69,7,99.98467846,,,,,,
192.170.69.70,6,99.98519783,,,,,,
192.170.69.71,7,99.98580377,,,,,,
192.170.69.72,7,99.9864097,,,,,,
192.170.69.73,6,99.98692908,,,,,,
192.170.69.74,7,99.98753501,,,,,,
192.170.69.75,7,99.98814095,,,,,,
192.170.69.76,7,99.98874689,,,,,,
192.170.69.77,6,99.98926626,,,,,,
192.170.69.78,5,99.98969907,,,,,,
192.170.69.79,7,99.99030501,,,,,,
192.170.69.81,7,99.99091095,,,,,,
192.170.69.82,7,99.99151688,,,,,,
192.170.69.83,7,99.99212282,,,,,,
192.170.69.84,7,99.99272876,,,,,,
192.170.69.85,7,99.9933347,,,,,,
192.170.69.86,7,99.99394063,,,,,,
192.170.69.87,7,99.99454657,,,,,,
192.170.69.88,7,99.99515251,,,,,,
192.170.69.89,7,99.99575844,,,,,,
192.170.69.90,7,99.99636438,,,,,,
192.170.69.92,7,99.99697032,,,,,,
192.170.69.93,7,99.99757625,,,,,,
192.170.69.94,7,99.99818219,,,,,,
192.170.69.95,7,99.99878813,,,,,,
192.170.69.96,7,99.99939406,,,,,,
192.170.69.97,7,100,,,,,,
