src_ip,count
192.168.10.1,84497
192.168.20.1,285876
192.169.192.10,2
192.169.192.100,18
192.169.192.101,4
192.169.192.102,4
192.169.192.103,18
192.169.192.104,17
192.169.192.105,4
192.169.192.106,4
192.169.192.107,10
192.169.192.108,3
192.169.192.109,2
192.169.192.11,3
192.169.192.110,4
192.169.192.111,38
192.169.192.112,16
192.169.192.113,5
192.169.192.114,4
192.169.192.115,14
192.169.192.116,1
192.169.192.117,3
192.169.192.118,3
192.169.192.119,1
192.169.192.12,2
192.169.192.120,24
192.169.192.121,3
192.169.192.122,2
192.169.192.123,2
192.169.192.124,6
192.169.192.126,10
192.169.192.127,1
192.169.192.128,4
192.169.192.129,17
192.169.192.13,5
192.169.192.130,6122
192.169.192.131,6396
192.169.192.132,1895
192.169.192.133,2661
192.169.192.134,1990
192.169.192.135,1897
192.169.192.136,1966
192.169.192.137,2004
192.169.192.138,2650
192.169.192.139,1977
192.169.192.14,2
192.169.192.140,6155
192.169.192.141,6136
192.169.192.142,6330
192.169.192.143,6399
192.169.192.144,2591
192.169.192.145,2219
192.169.192.146,2597
192.169.192.147,2749
192.169.192.148,2630
192.169.192.149,1907
192.169.192.15,2
192.169.192.150,1962
192.169.192.151,2628
192.169.192.152,1992
192.169.192.153,1959
192.169.192.154,1922
192.169.192.155,2131
192.169.192.156,6161
192.169.192.157,6175
192.169.192.158,1957
192.169.192.159,1972
192.169.192.16,2
192.169.192.160,1967
192.169.192.161,2001
192.169.192.162,3
192.169.192.163,3
192.169.192.164,3
192.169.192.165,3
192.169.192.166,3
192.169.192.167,3
192.169.192.168,3
192.169.192.169,3
192.169.192.17,2
192.169.192.170,3
192.169.192.171,3
192.169.192.172,3
192.169.192.173,3
192.169.192.174,3
192.169.192.175,3
192.169.192.176,3
192.169.192.177,3
192.169.192.178,3
192.169.192.179,2
192.169.192.18,2
192.169.192.180,3
192.169.192.181,3
192.169.192.182,3
192.169.192.183,3
192.169.192.184,3
192.169.192.185,3
192.169.192.186,3
192.169.192.188,2
192.169.192.189,3
192.169.192.19,5
192.169.192.190,2
192.169.192.191,3
192.169.192.192,3
192.169.192.193,3
192.169.192.194,7
192.169.192.195,6
192.169.192.196,5
192.169.192.197,5
192.169.192.198,7
192.169.192.199,5
192.169.192.2,2
192.169.192.20,2
192.169.192.200,9
192.169.192.201,7
192.169.192.202,5
192.169.192.203,7
192.169.192.204,7
192.169.192.205,6
192.169.192.206,7
192.169.192.207,4
192.169.192.209,5
192.169.192.210,5
192.169.192.211,7
192.169.192.212,5
192.169.192.213,5
192.169.192.214,7
192.169.192.215,6
192.169.192.216,8
192.169.192.217,7
192.169.192.218,4
192.169.192.219,7
192.169.192.22,1
192.169.192.220,7
192.169.192.221,6
192.169.192.222,7
192.169.192.223,13
192.169.192.224,12
192.169.192.225,11
192.169.192.226,2
192.169.192.227,2
192.169.192.228,2
192.169.192.23,2
192.169.192.230,2
192.169.192.231,2
192.169.192.232,2
192.169.192.233,2
192.169.192.235,2
192.169.192.236,1
192.169.192.237,2
192.169.192.238,2
192.169.192.239,2
192.169.192.24,1
192.169.192.240,2
192.169.192.241,2
192.169.192.243,2
192.169.192.244,2
192.169.192.245,2
192.169.192.246,2
192.169.192.247,2
192.169.192.248,2
192.169.192.249,2
192.169.192.25,1
192.169.192.250,2
192.169.192.251,2
192.169.192.252,2
192.169.192.253,2
192.169.192.254,2
192.169.192.255,2
192.169.192.26,1
192.169.192.28,5
192.169.192.29,2
192.169.192.30,2
192.169.192.31,6
192.169.192.32,4
192.169.192.33,2
192.169.192.35,1
192.169.192.36,1
192.169.192.37,1
192.169.192.38,1
192.169.192.39,1
192.169.192.40,1
192.169.192.41,1
192.169.192.42,1
192.169.192.43,1
192.169.192.44,1
192.169.192.45,1
192.169.192.46,1
192.169.192.47,1
192.169.192.48,1
192.169.192.49,1
192.169.192.5,3
192.169.192.50,1
192.169.192.51,1
192.169.192.53,1
192.169.192.54,1
192.169.192.56,1
192.169.192.57,1
192.169.192.58,1
192.169.192.59,1
192.169.192.6,1
192.169.192.60,1
192.169.192.62,1
192.169.192.64,1
192.169.192.65,1
192.169.192.66,2004
192.169.192.67,6299
192.169.192.68,6066
192.169.192.69,2508
192.169.192.70,2200
192.169.192.71,6039
192.169.192.72,2583
192.169.192.73,2197
192.169.192.74,2508
192.169.192.75,6314
192.169.192.76,6291
192.169.192.77,6285
192.169.192.78,6344
192.169.192.79,2680
192.169.192.8,1
192.169.192.80,1968
192.169.192.81,1991
192.169.192.82,2627
192.169.192.83,1960
192.169.192.84,1963
192.169.192.85,2003
192.169.192.86,2115
192.169.192.87,1959
192.169.192.88,1965
192.169.192.89,2135
192.169.192.9,1
192.169.192.90,1993
192.169.192.91,1959
192.169.192.92,6031
192.169.192.93,5208
192.169.192.94,2702
192.169.192.95,2610
192.169.192.96,2621
192.169.192.97,1893
192.169.192.98,2
192.169.192.99,36
192.169.193.0,2
192.169.193.1,2
192.169.193.10,7
192.169.193.11,8
192.169.193.12,7
192.169.193.13,6
192.169.193.14,8
192.169.193.15,8
192.169.193.16,8
192.169.193.17,7
192.169.193.18,8
192.169.193.19,8
192.169.193.2,8
192.169.193.20,7
192.169.193.22,8
192.169.193.23,7
192.169.193.24,7
192.169.193.25,8
192.169.193.27,8
192.169.193.28,6
192.169.193.29,7
192.169.193.3,7
192.169.193.30,8
192.169.193.31,8
192.169.193.32,8
192.169.193.33,8
192.169.193.5,7
192.169.193.6,7
192.169.193.8,8
192.169.193.9,7
192.170.0.10,3
192.170.0.100,5
192.170.0.101,4
192.170.0.102,5
192.170.0.103,5
192.170.0.104,6
192.170.0.105,5
192.170.0.106,4
192.170.0.107,4
192.170.0.108,4
192.170.0.109,5
192.170.0.11,4
192.170.0.110,4
192.170.0.111,6
192.170.0.112,6
192.170.0.113,4
192.170.0.114,4
192.170.0.115,4
192.170.0.116,4
192.170.0.117,4
192.170.0.118,4
192.170.0.119,4
192.170.0.12,5
192.170.0.120,6
192.170.0.121,4
192.170.0.122,4
192.170.0.123,3
192.170.0.124,4
192.170.0.125,4
192.170.0.126,4
192.170.0.127,3
192.170.0.128,4
192.170.0.129,5
192.170.0.13,4
192.170.0.130,7
192.170.0.131,5
192.170.0.132,4
192.170.0.133,4
192.170.0.134,4
192.170.0.135,4
192.170.0.136,3
192.170.0.137,4
192.170.0.138,4
192.170.0.139,7
192.170.0.14,4
192.170.0.140,5
192.170.0.141,2
192.170.0.142,6
192.170.0.143,5
192.170.0.144,5
192.170.0.145,5
192.170.0.146,4
192.170.0.147,5
192.170.0.148,4
192.170.0.149,4
192.170.0.15,4
192.170.0.150,3
192.170.0.151,4
192.170.0.152,4
192.170.0.153,3
192.170.0.154,4
192.170.0.155,4
192.170.0.156,2
192.170.0.157,5
192.170.0.158,4
192.170.0.159,4
192.170.0.16,3
192.170.0.160,4
192.170.0.161,5
192.170.0.162,2
192.170.0.163,3
192.170.0.164,3
192.170.0.165,3
192.170.0.166,2
192.170.0.167,3
192.170.0.168,3
192.170.0.169,2
192.170.0.17,4
192.170.0.170,3
192.170.0.171,3
192.170.0.172,4
192.170.0.173,4
192.170.0.174,3
192.170.0.175,3
192.170.0.176,4
192.170.0.177,4
192.170.0.178,3
192.170.0.179,3
192.170.0.18,4
192.170.0.180,4
192.170.0.181,2
192.170.0.182,3
192.170.0.183,4
192.170.0.185,3
192.170.0.186,2
192.170.0.187,2
192.170.0.188,2
192.170.0.189,1
192.170.0.19,4
192.170.0.190,2
192.170.0.191,3
192.170.0.193,3
192.170.0.194,3
192.170.0.195,3
192.170.0.196,3
192.170.0.197,4
192.170.0.198,3
192.170.0.199,3
192.170.0.2,4
192.170.0.20,3
192.170.0.200,6
192.170.0.201,3
192.170.0.202,4
192.170.0.203,3
192.170.0.204,3
192.170.0.205,3
192.170.0.206,4
192.170.0.207,2
192.170.0.208,3
192.170.0.209,3
192.170.0.21,3
192.170.0.210,4
192.170.0.211,3
192.170.0.212,3
192.170.0.213,4
192.170.0.214,3
192.170.0.215,3
192.170.0.216,6
192.170.0.217,3
192.170.0.218,4
192.170.0.219,3
192.170.0.22,3
192.170.0.220,3
192.170.0.221,3
192.170.0.222,4
192.170.0.223,5
192.170.0.224,5
192.170.0.225,4
192.170.0.226,2
192.170.0.227,1
192.170.0.228,2
192.170.0.229,2
192.170.0.23,3
192.170.0.230,3
192.170.0.231,2
192.170.0.232,3
192.170.0.233,3
192.170.0.234,2
192.170.0.235,2
192.170.0.236,2
192.170.0.237,2
192.170.0.238,2
192.170.0.239,1
192.170.0.24,3
192.170.0.240,3
192.170.0.241,2
192.170.0.242,2
192.170.0.243,1
192.170.0.244,2
192.170.0.245,3
192.170.0.246,2
192.170.0.247,2
192.170.0.248,4
192.170.0.249,2
192.170.0.25,3
192.170.0.250,3
192.170.0.251,2
192.170.0.252,2
192.170.0.253,2
192.170.0.254,3
192.170.0.255,3
192.170.0.26,3
192.170.0.27,4
192.170.0.28,4
192.170.0.29,5
192.170.0.3,4
192.170.0.30,1
192.170.0.31,4
192.170.0.32,4
192.170.0.33,5
192.170.0.34,5586
192.170.0.35,6277
192.170.0.36,1692
192.170.0.37,1795
192.170.0.38,1555
192.170.0.39,1673
192.170.0.4,3
192.170.0.40,5877
192.170.0.41,1569
192.170.0.42,1802
192.170.0.43,1899
192.170.0.44,1750
192.170.0.45,2078
192.170.0.46,1783
192.170.0.47,2065
192.170.0.48,1997
192.170.0.49,1495
192.170.0.5,3
192.170.0.50,5889
192.170.0.51,1655
192.170.0.52,5575
192.170.0.53,2403
192.170.0.54,2441
192.170.0.55,5580
192.170.0.56,1588
192.170.0.57,2432
192.170.0.58,2419
192.170.0.59,6199
192.170.0.6,3
192.170.0.60,2263
192.170.0.61,1344
192.170.0.62,2402
192.170.0.63,6224
192.170.0.64,1599
192.170.0.65,2439
192.170.0.66,4
192.170.0.67,5
192.170.0.68,5
192.170.0.69,4
192.170.0.7,3
192.170.0.70,5
192.170.0.71,5
192.170.0.72,5
192.170.0.73,5
192.170.0.74,4
192.170.0.75,4
192.170.0.76,7
192.170.0.77,4
192.170.0.78,6
192.170.0.79,5
192.170.0.8,3
192.170.0.80,3
192.170.0.81,4
192.170.0.82,3
192.170.0.83,4
192.170.0.84,4
192.170.0.85,5
192.170.0.86,4
192.170.0.87,4
192.170.0.88,5
192.170.0.89,4
192.170.0.9,3
192.170.0.90,5
192.170.0.91,3
192.170.0.92,4
192.170.0.93,4
192.170.0.94,5
192.170.0.95,3
192.170.0.96,3
192.170.0.97,3
192.170.0.98,3
192.170.0.99,4
192.170.1.0,3
192.170.1.1,4
192.170.1.10,2
192.170.1.100,3
192.170.1.102,1
192.170.1.103,3
192.170.1.104,1
192.170.1.105,1
192.170.1.107,2
192.170.1.108,2
192.170.1.109,1
192.170.1.11,4
192.170.1.111,1
192.170.1.112,1
192.170.1.113,1
192.170.1.114,1
192.170.1.116,1
192.170.1.117,1
192.170.1.119,1
192.170.1.12,3
192.170.1.122,1
192.170.1.123,1
192.170.1.124,2
192.170.1.127,2
192.170.1.128,1
192.170.1.129,3
192.170.1.13,2
192.170.1.130,1
192.170.1.133,2
192.170.1.136,2
192.170.1.138,2
192.170.1.139,1
192.170.1.14,4
192.170.1.143,3
192.170.1.144,3
192.170.1.145,1
192.170.1.146,2
192.170.1.147,1
192.170.1.148,2
192.170.1.15,3
192.170.1.150,2
192.170.1.151,2
192.170.1.153,1
192.170.1.155,1
192.170.1.159,2
192.170.1.16,3
192.170.1.160,2
192.170.1.161,1
192.170.1.162,1
192.170.1.163,1
192.170.1.164,3
192.170.1.165,1
192.170.1.166,2
192.170.1.167,3
192.170.1.168,3
192.170.1.169,2
192.170.1.17,4
192.170.1.170,1
192.170.1.171,2
192.170.1.172,2
192.170.1.173,1
192.170.1.174,1
192.170.1.175,3
192.170.1.176,3
192.170.1.177,1
192.170.1.178,1
192.170.1.179,2
192.170.1.18,3
192.170.1.187,1
192.170.1.189,2
192.170.1.19,1
192.170.1.190,1
192.170.1.191,1
192.170.1.192,1
192.170.1.194,1
192.170.1.195,3
192.170.1.196,4
192.170.1.197,2
192.170.1.198,1
192.170.1.199,3
192.170.1.2,5
192.170.1.20,2
192.170.1.200,3
192.170.1.201,1
192.170.1.202,2
192.170.1.203,2
192.170.1.204,4
192.170.1.205,2
192.170.1.206,3
192.170.1.207,1
192.170.1.208,1
192.170.1.209,4
192.170.1.21,2
192.170.1.210,1
192.170.1.211,2
192.170.1.212,3
192.170.1.213,2
192.170.1.214,2
192.170.1.215,3
192.170.1.216,2
192.170.1.217,2
192.170.1.218,2
192.170.1.219,2
192.170.1.22,3
192.170.1.220,3
192.170.1.221,3
192.170.1.222,2
192.170.1.223,3
192.170.1.224,2
192.170.1.225,1
192.170.1.226,2
192.170.1.227,2
192.170.1.228,1
192.170.1.229,1
192.170.1.23,3
192.170.1.231,1
192.170.1.232,1
192.170.1.234,1
192.170.1.235,1
192.170.1.237,2
192.170.1.238,1
192.170.1.239,2
192.170.1.24,4
192.170.1.240,1
192.170.1.242,1
192.170.1.243,2
192.170.1.244,2
192.170.1.245,2
192.170.1.246,1
192.170.1.247,2
192.170.1.248,2
192.170.1.249,1
192.170.1.25,3
192.170.1.250,2
192.170.1.251,2
192.170.1.252,3
192.170.1.253,3
192.170.1.254,2
192.170.1.255,2
192.170.1.26,3
192.170.1.27,2
192.170.1.28,2
192.170.1.29,3
192.170.1.3,2
192.170.1.30,2
192.170.1.33,3
192.170.1.37,1
192.170.1.4,2
192.170.1.40,2
192.170.1.42,1
192.170.1.49,1
192.170.1.5,2
192.170.1.6,4
192.170.1.60,1
192.170.1.63,1
192.170.1.68,1
192.170.1.69,1
192.170.1.7,2
192.170.1.71,1
192.170.1.72,2
192.170.1.74,1
192.170.1.8,3
192.170.1.82,1
192.170.1.9,4
192.170.1.92,1
192.170.1.95,1
192.170.1.96,1
192.170.1.98,1
192.170.1.99,1
192.170.128.100,5
192.170.128.101,4
192.170.128.102,1
192.170.128.103,5
192.170.128.104,2
192.170.128.105,1
192.170.128.106,4
192.170.128.107,4
192.170.128.108,1
192.170.128.109,2
192.170.128.110,5
192.170.128.111,2
192.170.128.112,2
192.170.128.113,1
192.170.128.114,4
192.170.128.115,2
192.170.128.116,2
192.170.128.117,1
192.170.128.118,5
192.170.128.119,2
192.170.128.120,2
192.170.128.121,5
192.170.128.122,2
192.170.128.123,3
192.170.128.124,3
192.170.128.126,1
192.170.128.127,1
192.170.128.128,4
192.170.128.129,5
192.170.128.130,4
192.170.128.131,4
192.170.128.132,1
192.170.128.133,3
192.170.128.134,5
192.170.128.135,1
192.170.128.136,5
192.170.128.137,5
192.170.128.138,3
192.170.128.139,4
192.170.128.140,7
192.170.128.141,4
192.170.128.142,3
192.170.128.143,3
192.170.128.144,2
192.170.128.145,4
192.170.128.146,6
192.170.128.147,3
192.170.128.148,3
192.170.128.149,1
192.170.128.150,5
192.170.128.151,3
192.170.128.152,5
192.170.128.153,5
192.170.128.154,1
192.170.128.155,7
192.170.128.156,4
192.170.128.157,7
192.170.128.158,4
192.170.128.159,5
192.170.128.160,4
192.170.128.161,4
192.170.128.34,2
192.170.128.35,1
192.170.128.36,3
192.170.128.37,5
192.170.128.39,3
192.170.128.40,1
192.170.128.42,5
192.170.128.43,5
192.170.128.44,5
192.170.128.45,2
192.170.128.46,3
192.170.128.47,2
192.170.128.48,2
192.170.128.49,1
192.170.128.50,4
192.170.128.51,2
192.170.128.52,2
192.170.128.53,1
192.170.128.54,5
192.170.128.55,2
192.170.128.56,2
192.170.128.57,5
192.170.128.58,1
192.170.128.59,3
192.170.128.60,2
192.170.128.62,1
192.170.128.63,1
192.170.128.64,2
192.170.128.65,5
192.170.128.98,3
192.170.128.99,5
192.170.129.100,4
192.170.129.101,7
192.170.129.102,4
192.170.129.103,4
192.170.129.104,2
192.170.129.105,4
192.170.129.106,7
192.170.129.107,2
192.170.129.108,4
192.170.129.109,3
192.170.129.110,6
192.170.129.111,2
192.170.129.112,3
192.170.129.113,4
192.170.129.114,7
192.170.129.115,1
192.170.129.116,4
192.170.129.117,3
192.170.129.119,4
192.170.129.120,4
192.170.129.122,3
192.170.129.123,7
192.170.129.124,4
192.170.129.125,7
192.170.129.126,3
192.170.129.127,3
192.170.129.128,7
192.170.129.129,4
192.170.129.163,5
192.170.129.164,3
192.170.129.165,6
192.170.129.166,2
192.170.129.167,3
192.170.129.168,4
192.170.129.169,1
192.170.129.170,6
192.170.129.171,3
192.170.129.172,6
192.170.129.173,5
192.170.129.174,3
192.170.129.175,3
192.170.129.176,6
192.170.129.177,5
192.170.129.178,3
192.170.129.179,2
192.170.129.180,2
192.170.129.182,5
192.170.129.183,2
192.170.129.184,5
192.170.129.185,5
192.170.129.186,1
192.170.129.187,7
192.170.129.188,3
192.170.129.189,6
192.170.129.190,3
192.170.129.191,4
192.170.129.192,5
192.170.129.193,5
192.170.129.196,1
192.170.129.197,1
192.170.129.198,4
192.170.129.199,1
192.170.129.200,4
192.170.129.201,4
192.170.129.202,1
192.170.129.203,1
192.170.129.204,1
192.170.129.205,5
192.170.129.206,2
192.170.129.207,2
192.170.129.208,5
192.170.129.209,1
192.170.129.210,2
192.170.129.211,5
192.170.129.213,1
192.170.129.214,3
192.170.129.216,5
192.170.129.217,3
192.170.129.218,1
192.170.129.219,1
192.170.129.220,3
192.170.129.222,5
192.170.129.223,4
192.170.129.224,4
192.170.129.225,4
192.170.129.98,7
192.170.129.99,3
192.170.131.226,3
192.170.131.227,3
192.170.131.228,3
192.170.131.229,1
192.170.131.230,5
192.170.131.231,3
192.170.131.232,5
192.170.131.233,5
192.170.131.234,1
192.170.131.235,7
192.170.131.236,4
192.170.131.237,7
192.170.131.238,4
192.170.131.239,4
192.170.131.240,5
192.170.131.241,5
192.170.131.242,1
192.170.131.243,7
192.170.131.244,1
192.170.131.245,3
192.170.131.246,5
192.170.131.247,1
192.170.131.248,7
192.170.131.249,5
192.170.131.250,3
192.170.131.251,3
192.170.131.252,5
192.170.131.253,2
192.170.131.254,7
192.170.131.255,6
192.170.132.0,3
192.170.132.1,3
192.170.133.66,2
192.170.133.67,2
192.170.133.68,3
192.170.133.69,1
192.170.133.70,6
192.170.133.71,3
192.170.133.72,3
192.170.133.73,5
192.170.133.74,1
192.170.133.75,6
192.170.133.77,2
192.170.133.78,4
192.170.133.79,2
192.170.133.80,5
192.170.133.81,3
192.170.133.82,2
192.170.133.84,3
192.170.133.85,2
192.170.133.87,3
192.170.133.88,3
192.170.133.90,1
192.170.133.91,5
192.170.133.92,2
192.170.133.93,6
192.170.133.94,2
192.170.133.95,2
192.170.133.96,2
192.170.133.97,3
192.170.135.229,1
192.170.135.232,3
192.170.135.234,1
192.170.135.238,3
192.170.135.240,3
192.170.135.242,1
192.170.135.244,3
192.170.135.247,3
192.170.135.254,1
192.170.136.10,27
192.170.136.101,1
192.170.136.102,1
192.170.136.105,1
192.170.136.106,1
192.170.136.109,1
192.170.136.11,15
192.170.136.110,1
192.170.136.111,2
192.170.136.113,1
192.170.136.114,1
192.170.136.115,4
192.170.136.116,1
192.170.136.119,1
192.170.136.12,25
192.170.136.120,4
192.170.136.123,1
192.170.136.124,3
192.170.136.125,4
192.170.136.128,1
192.170.136.13,21
192.170.136.132,2
192.170.136.134,4
192.170.136.135,2
192.170.136.136,1
192.170.136.137,4
192.170.136.139,4
192.170.136.14,6
192.170.136.141,1
192.170.136.142,2
192.170.136.144,4
192.170.136.145,1
192.170.136.147,1
192.170.136.149,2
192.170.136.15,17
192.170.136.150,1
192.170.136.152,4
192.170.136.153,1
192.170.136.154,2
192.170.136.155,1
192.170.136.156,1
192.170.136.158,4
192.170.136.159,1
192.170.136.16,10
192.170.136.160,1
192.170.136.162,1
192.170.136.163,1
192.170.136.164,4
192.170.136.165,1
192.170.136.167,4
192.170.136.168,1
192.170.136.17,39
192.170.136.170,1
192.170.136.171,1
192.170.136.174,2
192.170.136.178,2
192.170.136.18,10
192.170.136.180,3
192.170.136.181,4
192.170.136.183,3
192.170.136.184,1
192.170.136.186,4
192.170.136.187,4
192.170.136.188,4
192.170.136.189,1
192.170.136.19,37
192.170.136.190,2
192.170.136.192,1
192.170.136.194,4
192.170.136.196,1
192.170.136.197,2
192.170.136.198,1
192.170.136.199,1
192.170.136.2,3
192.170.136.20,27
192.170.136.200,4
192.170.136.201,1
192.170.136.202,2
192.170.136.203,2
192.170.136.205,2
192.170.136.206,1
192.170.136.207,2
192.170.136.208,4
192.170.136.209,3
192.170.136.21,38
192.170.136.210,1
192.170.136.212,1
192.170.136.213,2
192.170.136.214,1
192.170.136.215,1
192.170.136.216,5
192.170.136.217,1
192.170.136.218,2
192.170.136.219,2
192.170.136.22,30
192.170.136.221,2
192.170.136.222,1
192.170.136.226,3
192.170.136.227,1
192.170.136.228,3
192.170.136.229,4
192.170.136.23,28
192.170.136.230,1
192.170.136.231,3
192.170.136.232,1
192.170.136.233,1
192.170.136.234,4
192.170.136.235,5
192.170.136.236,1
192.170.136.238,1
192.170.136.239,4
192.170.136.24,11
192.170.136.240,1
192.170.136.241,1
192.170.136.242,4
192.170.136.243,1
192.170.136.244,1
192.170.136.245,2
192.170.136.246,1
192.170.136.247,1
192.170.136.248,5
192.170.136.249,1
192.170.136.25,30
192.170.136.250,2
192.170.136.251,3
192.170.136.253,2
192.170.136.254,1
192.170.136.26,38
192.170.136.27,32
192.170.136.28,22
192.170.136.29,25
192.170.136.3,20
192.170.136.30,41
192.170.136.31,24
192.170.136.32,23
192.170.136.33,8
192.170.136.38,3
192.170.136.4,34
192.170.136.41,3
192.170.136.44,1
192.170.136.45,2
192.170.136.47,2
192.170.136.5,27
192.170.136.50,1
192.170.136.51,3
192.170.136.56,3
192.170.136.6,12
192.170.136.60,2
192.170.136.61,3
192.170.136.64,3
192.170.136.67,1
192.170.136.68,1
192.170.136.7,37
192.170.136.70,1
192.170.136.71,1
192.170.136.72,3
192.170.136.73,1
192.170.136.75,1
192.170.136.76,2
192.170.136.77,2
192.170.136.8,31
192.170.136.81,3
192.170.136.83,4
192.170.136.87,1
192.170.136.88,4
192.170.136.9,10
192.170.136.91,1
192.170.136.92,3
192.170.136.93,3
192.170.136.97,1
192.170.136.98,1
192.170.136.99,2
192.170.137.0,1
192.170.137.100,2008
192.170.137.101,2184
192.170.137.102,1824
192.170.137.103,2020
192.170.137.104,1885
192.170.137.105,1822
192.170.137.106,2187
192.170.137.107,3562
192.170.137.108,1969
192.170.137.109,1425
192.170.137.110,1318
192.170.137.111,1220
192.170.137.112,1922
192.170.137.113,1823
192.170.137.114,2175
192.170.137.115,1386
192.170.137.116,2089
192.170.137.117,1447
192.170.137.118,1374
192.170.137.119,2103
192.170.137.120,1596
192.170.137.121,1376
192.170.137.122,1443
192.170.137.123,2331
192.170.137.124,1272
192.170.137.125,3480
192.170.137.126,1439
192.170.137.127,1671
192.170.137.128,2142
192.170.137.129,2032
192.170.137.132,2
192.170.137.135,2
192.170.137.139,1
192.170.137.14,1
192.170.137.141,2
192.170.137.149,2
192.170.137.15,1
192.170.137.151,1
192.170.137.154,2
192.170.137.155,2
192.170.137.156,2
192.170.137.162,2
192.170.137.164,1
192.170.137.167,1
192.170.137.175,3
192.170.137.184,2
192.170.137.190,2
192.170.137.192,2
192.170.137.204,3
192.170.137.207,3
192.170.137.209,3
192.170.137.21,1
192.170.137.216,2
192.170.137.222,3
192.170.137.228,2
192.170.137.231,2
192.170.137.238,1
192.170.137.239,3
192.170.137.248,3
192.170.137.254,3
192.170.137.26,1
192.170.137.27,1
192.170.137.3,1
192.170.137.34,2
192.170.137.4,1
192.170.137.40,2
192.170.137.47,1
192.170.137.54,1
192.170.137.56,1
192.170.137.57,1
192.170.137.60,2
192.170.137.64,1
192.170.137.65,1
192.170.137.7,1
192.170.137.76,2
192.170.137.86,2
192.170.137.88,1
192.170.137.89,2
192.170.137.92,2
192.170.137.97,2
192.170.137.98,2328
192.170.137.99,1428
192.170.138.0,1
192.170.138.108,1
192.170.138.14,3
192.170.138.140,1
192.170.138.143,1
192.170.138.145,1
192.170.138.155,1
192.170.138.157,1
192.170.138.162,1
192.170.138.165,1
192.170.138.170,1
192.170.138.182,1
192.170.138.185,1
192.170.138.19,1
192.170.138.193,1
192.170.138.196,1
192.170.138.199,1
192.170.138.2,3
192.170.138.205,1
192.170.138.212,1
192.170.138.215,1
192.170.138.221,1
192.170.138.238,1
192.170.138.244,1
192.170.138.247,1
192.170.138.253,1
192.170.138.3,1
192.170.138.31,3
192.170.138.32,3
192.170.139.100,2014
192.170.139.101,2171
192.170.139.102,1805
192.170.139.103,2012
192.170.139.104,1833
192.170.139.105,1797
192.170.139.106,2180
192.170.139.107,3554
192.170.139.108,1914
192.170.139.109,1376
192.170.139.110,1306
192.170.139.111,1198
192.170.139.112,1841
192.170.139.113,1795
192.170.139.114,2158
192.170.139.115,1368
192.170.139.116,2084
192.170.139.117,1418
192.170.139.118,1343
192.170.139.119,2079
192.170.139.120,1560
192.170.139.121,1353
192.170.139.122,1408
192.170.139.123,2429
192.170.139.124,1261
192.170.139.125,3456
192.170.139.126,1438
192.170.139.127,1645
192.170.139.128,2147
192.170.139.129,2002
192.170.139.16,1
192.170.139.2,1
192.170.139.30,1
192.170.139.33,2
192.170.139.36,1
192.170.139.39,1
192.170.139.45,1
192.170.139.47,1
192.170.139.54,1
192.170.139.57,1
192.170.139.60,1
192.170.139.65,1
192.170.139.98,2451
192.170.139.99,1397
192.170.2.0,2
192.170.2.1,2
192.170.2.10,1
192.170.2.11,1
192.170.2.12,2
192.170.2.13,2
192.170.2.14,3
192.170.2.15,3
192.170.2.16,2
192.170.2.17,2
192.170.2.18,2
192.170.2.19,2
192.170.2.197,1
192.170.2.2,3
192.170.2.20,1
192.170.2.202,1
192.170.2.21,2
192.170.2.213,1
192.170.2.218,1
192.170.2.22,1
192.170.2.225,1
192.170.2.23,1
192.170.2.24,3
192.170.2.245,1
192.170.2.25,1
192.170.2.250,1
192.170.2.26,2
192.170.2.28,2
192.170.2.29,2
192.170.2.3,3
192.170.2.30,2
192.170.2.31,1
192.170.2.32,1
192.170.2.33,1
192.170.2.34,1
192.170.2.35,2
192.170.2.36,2
192.170.2.37,2
192.170.2.38,2
192.170.2.39,2
192.170.2.4,2
192.170.2.40,4
192.170.2.41,2
192.170.2.42,2
192.170.2.43,1
192.170.2.44,2
192.170.2.45,3
192.170.2.46,2
192.170.2.47,3
192.170.2.48,2
192.170.2.49,2
192.170.2.5,1
192.170.2.50,3
192.170.2.51,2
192.170.2.52,1
192.170.2.53,1
192.170.2.54,1
192.170.2.55,1
192.170.2.56,1
192.170.2.57,1
192.170.2.58,1
192.170.2.59,2
192.170.2.6,3
192.170.2.60,2
192.170.2.61,3
192.170.2.63,2
192.170.2.64,1
192.170.2.65,1
192.170.2.7,2
192.170.2.8,1
192.170.2.9,3
192.170.200.10,1136
192.170.200.11,764
192.170.200.12,817
192.170.200.13,905
192.170.200.14,704
192.170.200.15,863
192.170.200.16,2822
192.170.200.17,1920
192.170.200.18,1805
192.170.200.19,820
192.170.200.2,1008
192.170.200.20,1143
192.170.200.21,718
192.170.200.22,765
192.170.200.23,1154
192.170.200.24,820
192.170.200.25,760
192.170.200.26,734
192.170.200.27,1041
192.170.200.28,902
192.170.200.29,794
192.170.200.3,1018
192.170.200.30,853
192.170.200.31,1643
192.170.200.32,1642
192.170.200.33,2335
192.170.200.4,709
192.170.200.5,1113
192.170.200.6,819
192.170.200.7,720
192.170.200.8,766
192.170.200.9,825
192.170.201.100,3
192.170.201.101,3
192.170.201.102,3
192.170.201.103,3
192.170.201.104,3
192.170.201.105,3
192.170.201.106,3
192.170.201.107,3
192.170.201.108,3
192.170.201.109,3
192.170.201.110,3
192.170.201.111,3
192.170.201.112,3
192.170.201.113,3
192.170.201.114,3
192.170.201.117,3
192.170.201.118,3
192.170.201.120,3
192.170.201.121,3
192.170.201.122,3
192.170.201.123,3
192.170.201.124,3
192.170.201.125,3
192.170.201.126,3
192.170.201.127,3
192.170.201.128,3
192.170.201.129,3
192.170.201.98,3
192.170.201.99,3
192.170.203.100,1349
192.170.203.101,944
192.170.203.102,878
192.170.203.103,1352
192.170.203.104,1855
192.170.203.105,887
192.170.203.106,941
192.170.203.107,3882
192.170.203.108,2536
192.170.203.109,1097
192.170.203.110,833
192.170.203.111,1259
192.170.203.112,1873
192.170.203.113,895
192.170.203.114,932
192.170.203.115,957
192.170.203.116,1135
192.170.203.117,892
192.170.203.118,1416
192.170.203.119,1132
192.170.203.120,1143
192.170.203.121,1427
192.170.203.122,891
192.170.203.123,1019
192.170.203.124,1563
192.170.203.125,1779
192.170.203.126,1069
192.170.203.127,962
192.170.203.128,918
192.170.203.129,1337
192.170.203.98,1017
192.170.203.99,3140
192.170.204.10,1804
192.170.204.100,6
192.170.204.101,6
192.170.204.102,6
192.170.204.103,6
192.170.204.104,6
192.170.204.105,6
192.170.204.106,6
192.170.204.107,6
192.170.204.108,6
192.170.204.109,6
192.170.204.11,1928
192.170.204.110,6
192.170.204.111,6
192.170.204.112,6
192.170.204.113,6
192.170.204.114,6
192.170.204.115,6
192.170.204.116,6
192.170.204.117,6
192.170.204.118,6
192.170.204.119,6
192.170.204.12,1119
192.170.204.121,6
192.170.204.122,6
192.170.204.123,6
192.170.204.124,6
192.170.204.125,6
192.170.204.126,6
192.170.204.127,6
192.170.204.128,6
192.170.204.129,6
192.170.204.13,1641
192.170.204.14,1426
192.170.204.15,1691
192.170.204.16,2345
192.170.204.17,5681
192.170.204.18,3341
192.170.204.19,1847
192.170.204.2,1272
192.170.204.20,1804
192.170.204.21,1477
192.170.204.22,1994
192.170.204.23,1815
192.170.204.24,1449
192.170.204.25,2023
192.170.204.26,1479
192.170.204.27,1666
192.170.204.28,1636
192.170.204.29,1130
192.170.204.3,1501
192.170.204.30,1835
192.170.204.31,1440
192.170.204.32,1454
192.170.204.33,1722
192.170.204.4,1475
192.170.204.5,1803
192.170.204.6,1454
192.170.204.7,1469
192.170.204.8,1967
192.170.204.9,1469
192.170.204.98,6
192.170.204.99,6
192.170.3.0,1
192.170.3.17,1
192.170.3.255,1
192.170.3.37,1
192.170.3.42,1
192.170.3.72,1
192.170.3.76,1
192.170.5.66,2408
192.170.5.67,1495
192.170.5.68,1765
192.170.5.69,1693
192.170.5.70,1741
192.170.5.71,1777
192.170.5.72,2078
192.170.5.73,1728
192.170.5.74,1688
192.170.5.75,6299
192.170.5.76,1539
192.170.5.77,5908
192.170.5.78,1739
192.170.5.79,2414
192.170.5.80,5947
192.170.5.81,5283
192.170.5.82,5451
192.170.5.83,5897
192.170.5.84,5879
192.170.5.85,2386
192.170.5.86,1373
192.170.5.87,5889
192.170.5.88,2285
192.170.5.89,1376
192.170.5.90,2395
192.170.5.91,5961
192.170.5.92,1603
192.170.5.93,2465
192.170.5.94,2395
192.170.5.95,5441
192.170.5.96,5454
192.170.5.97,1650
192.170.64.100,3
192.170.64.101,3
192.170.64.102,2
192.170.64.103,3
192.170.64.104,3
192.170.64.105,2
192.170.64.106,3
192.170.64.107,2
192.170.64.108,3
192.170.64.109,3
192.170.64.110,3
192.170.64.111,3
192.170.64.112,3
192.170.64.113,3
192.170.64.114,3
192.170.64.115,3
192.170.64.116,3
192.170.64.117,3
192.170.64.118,3
192.170.64.119,3
192.170.64.120,3
192.170.64.121,3
192.170.64.122,3
192.170.64.123,3
192.170.64.124,3
192.170.64.125,3
192.170.64.126,3
192.170.64.127,3
192.170.64.128,3
192.170.64.129,3
192.170.64.130,768
192.170.64.131,1626
192.170.64.132,1567
192.170.64.133,1566
192.170.64.134,1502
192.170.64.135,1577
192.170.64.136,1451
192.170.64.137,1507
192.170.64.138,1570
192.170.64.139,1373
192.170.64.140,1471
192.170.64.141,1617
192.170.64.142,1327
192.170.64.143,1513
192.170.64.144,1307
192.170.64.145,726
192.170.64.146,1385
192.170.64.147,1575
192.170.64.148,1577
192.170.64.149,1575
192.170.64.150,1445
192.170.64.151,1574
192.170.64.152,1510
192.170.64.153,1460
192.170.64.154,1566
192.170.64.155,1664
192.170.64.156,1611
192.170.64.157,1483
192.170.64.158,1280
192.170.64.159,3267
192.170.64.160,3276
192.170.64.161,1698
192.170.64.34,6
192.170.64.35,6
192.170.64.36,5
192.170.64.38,6
192.170.64.39,5
192.170.64.40,6
192.170.64.41,6
192.170.64.43,6
192.170.64.44,6
192.170.64.45,6
192.170.64.46,6
192.170.64.47,6
192.170.64.48,6
192.170.64.49,6
192.170.64.50,6
192.170.64.51,6
192.170.64.52,6
192.170.64.53,6
192.170.64.54,6
192.170.64.55,6
192.170.64.56,6
192.170.64.57,6
192.170.64.58,6
192.170.64.59,6
192.170.64.60,6
192.170.64.61,6
192.170.64.62,6
192.170.64.63,6
192.170.64.64,6
192.170.64.65,6
192.170.64.98,3
192.170.64.99,3
192.170.65.100,3052
192.170.65.101,1506
192.170.65.102,1652
192.170.65.103,3051
192.170.65.104,1691
192.170.65.105,1648
192.170.65.106,1502
192.170.65.107,1616
192.170.65.108,819
192.170.65.109,1511
192.170.65.110,1323
192.170.65.111,1439
192.170.65.112,1686
192.170.65.113,1647
192.170.65.114,1497
192.170.65.115,1661
192.170.65.116,1772
192.170.65.117,1696
192.170.65.118,3675
192.170.65.119,1768
192.170.65.120,3745
192.170.65.121,3677
192.170.65.122,1694
192.170.65.123,1577
192.170.65.124,1524
192.170.65.125,1759
192.170.65.126,1823
192.170.65.127,1471
192.170.65.128,1485
192.170.65.129,3069
192.170.65.162,5
192.170.65.163,10
192.170.65.164,17
192.170.65.165,2
192.170.65.166,3
192.170.65.167,17
192.170.65.168,5
192.170.65.169,3
192.170.65.170,2
192.170.65.171,6
192.170.65.172,9
192.170.65.173,1
192.170.65.174,1
192.170.65.175,6
192.170.65.176,8
192.170.65.178,1
192.170.65.179,6
192.170.65.180,3
192.170.65.181,5
192.170.65.182,3
192.170.65.183,3
192.170.65.184,6
192.170.65.185,3
192.170.65.186,4
192.170.65.187,6
192.170.65.188,6
192.170.65.190,5
192.170.65.191,2
192.170.65.192,6
192.170.65.193,3
192.170.65.194,5
192.170.65.195,5
192.170.65.196,5
192.170.65.197,5
192.170.65.198,5
192.170.65.199,5
192.170.65.200,5
192.170.65.201,5
192.170.65.202,5
192.170.65.203,5
192.170.65.204,5
192.170.65.205,5
192.170.65.206,5
192.170.65.207,5
192.170.65.208,5
192.170.65.209,5
192.170.65.210,5
192.170.65.211,5
192.170.65.212,5
192.170.65.213,5
192.170.65.214,5
192.170.65.215,5
192.170.65.217,5
192.170.65.218,5
192.170.65.219,5
192.170.65.220,5
192.170.65.221,5
192.170.65.222,5
192.170.65.223,5
192.170.65.224,5
192.170.65.225,5
192.170.65.98,1582
192.170.65.99,875
192.170.67.226,177
192.170.67.227,184
192.170.67.228,178
192.170.67.229,147
192.170.67.230,252
192.170.67.231,178
192.170.67.232,170
192.170.67.233,254
192.170.67.234,142
192.170.67.235,218
192.170.67.236,510
192.170.67.237,113
192.170.67.238,434
192.170.67.239,167
192.170.67.240,181
192.170.67.241,263
192.170.67.242,143
192.170.67.243,208
192.170.67.244,182
192.170.67.245,171
192.170.67.246,185
192.170.67.247,190
192.170.67.248,284
192.170.67.249,178
192.170.67.250,163
192.170.67.251,176
192.170.67.252,282
192.170.67.253,227
192.170.67.254,745
192.170.67.255,420
192.170.68.0,138
192.170.68.1,176
192.170.69.66,7
192.170.69.67,6
192.170.69.68,7
192.170.69.69,7
192.170.69.70,6
192.170.69.71,7
192.170.69.72,7
192.170.69.73,6
192.170.69.74,7
192.170.69.75,7
192.170.69.76,7
192.170.69.77,6
192.170.69.78,5
192.170.69.79,7
192.170.69.81,7
192.170.69.82,7
192.170.69.83,7
192.170.69.84,7
192.170.69.85,7
192.170.69.86,7
192.170.69.87,7
192.170.69.88,7
192.170.69.89,7
192.170.69.90,7
192.170.69.92,7
192.170.69.93,7
192.170.69.94,7
192.170.69.95,7
192.170.69.96,7
192.170.69.97,7
