IP Total Length (bytes),%count,%count
21,6.68385E-05,5.53337E-05
22,0.000140361,9.96006E-05
23,0.000370954,0.001167541
24,0.000487921,0.001311408
25,0.001477131,0.002548116
26,0.002232406,0.003010152
27,0.00274372,0.003499856
28,0.009835286,0.015568132
29,0.011803679,0.018030481
30,0.01407953,0.020052927
31,0.017217598,0.023309315
32,0.038442164,0.040930326
33,0.039344484,0.041976133
34,0.041536787,0.043940479
35,0.083822165,0.084740771
36,0.219026428,0.207163781
37,0.223564763,0.211255707
38,0.241290333,0.226572071
39,0.24850555,0.233876117
40,7.348505606,7.229127297
41,8.200492647,8.089389022
42,8.215698406,8.109176347
43,8.239309106,8.130230814
44,8.459064074,8.350611046
45,8.486187139,8.378208721
46,8.525528281,8.418715744
47,8.536650207,8.430421585
48,11.314455,11.11587872
49,11.37765414,11.17969783
50,11.40001162,11.20437388
51,11.44536489,11.25526704
52,20.16185077,20.42372101
53,20.24713001,20.51525399
54,20.50577831,20.80273461
55,20.53758006,20.83508822
56,20.69150913,21.00353779
57,20.82219846,21.13595683
58,20.88203563,21.19877163
59,20.92379298,21.23978772
60,22.39734467,22.72720142
61,22.42405333,22.75598324
62,22.46465104,22.79875064
63,22.52270696,22.85806005
64,23.24948544,23.63347587
65,23.42521054,23.83791724
66,23.69867693,24.10572673
67,23.84853888,24.24599486
68,23.93929553,24.33447065
69,23.98675087,24.37556145
70,24.03046659,24.41956556
71,24.389904,24.77100362
72,24.58082484,24.99534575
73,24.62350457,25.03608517
74,24.67522086,25.0882178
75,24.74355654,25.15750111
76,25.01938233,25.43626391
77,25.1138385,25.52688665
78,25.19131769,25.60276573
79,25.29250116,25.76293738
80,25.54746331,26.08410792
81,25.62911656,26.16981426
82,25.69974815,26.24554671
83,26.17051845,26.72514312
84,26.29140591,26.85615668
85,26.393221,26.96134602
86,26.5973391,27.17343173
87,26.68797545,27.26212886
88,26.7961803,27.3740523
89,26.86877694,27.44589203
90,27.02005252,27.59908056
91,27.10804875,27.69355176
92,27.16425993,27.7622762
93,27.33638578,27.93643897
94,27.42682496,28.0306501
95,27.57301413,28.23643607
96,27.63217289,28.29776516
97,27.71911641,28.38656743
98,27.80358691,28.47286584
99,27.85735848,28.52967417
100,27.92007639,28.58982742
101,28.02739897,28.70134416
102,28.0825775,28.76111007
103,28.27161015,28.95676168
104,28.38616132,29.08388805
105,28.56208025,29.26076494
106,28.60183913,29.30098146
107,28.65130631,29.3546911
108,28.70704294,29.41300451
109,28.78039151,29.50816461
110,28.81674497,29.54562551
111,28.87439986,29.60295121
112,28.92992595,29.66102391
113,29.036266,29.77419236
114,29.07676011,29.81678547
115,29.13464559,29.87625258
116,29.19555552,29.93753463
117,29.23122054,29.97426513
118,29.27065192,30.01590096
119,29.31535685,30.05929917
120,29.41222255,30.1683674
121,29.54944534,30.31035917
122,29.60285598,30.36471898
123,29.63283305,30.39560071
124,29.68780772,30.45615512
125,29.78023868,30.57096699
126,29.84689004,30.64419282
127,29.90417063,30.70118375
128,30.05548966,30.85877408
129,30.13884395,30.9463922
130,30.23568626,31.0465019
131,30.31556161,31.12325526
132,30.50162997,31.29158309
133,30.54851718,31.33774522
134,30.60862505,31.39723169
135,30.65185953,31.44900189
136,30.79289545,31.58290664
137,30.86670521,31.65907346
138,30.90842915,31.70257403
139,30.95133612,31.74754648
140,31.3083239,32.09357568
141,31.35305891,32.14021921
142,31.40908629,32.19493592
143,31.52804545,32.31180066
144,31.57638306,32.36187488
145,31.62704998,32.41419565
146,31.67397395,32.46186008
147,31.7198519,32.51060076
148,31.77210624,32.56271402
149,31.83273545,32.62549285
150,31.8767486,32.67083327
151,31.927469,32.73461641
152,32.01862,32.82364554
153,32.05765703,32.86312613
154,32.09036111,32.89712038
155,32.12053535,32.92668516
156,32.15899088,32.96567881
157,32.22140468,33.02610596
158,32.26378363,33.07149342
159,32.29610004,33.10414859
160,32.42847035,33.22306898
161,32.45779575,33.26037771
162,32.48400981,33.28837379
163,32.59899877,33.40384689
164,32.64306205,33.44614673
165,32.66811646,33.47039671
166,32.695166,33.49655018
167,32.71471961,33.51557113
168,32.7664125,33.57561371
169,32.80033304,33.60389199
170,32.84024231,33.64776884
171,32.89737586,33.70178558
172,32.94623481,33.74320561
173,32.97964069,33.77575565
174,33.02339652,33.81648678
175,33.08200386,33.87230186
176,33.10924055,33.9039223
177,33.20359312,33.9986093
178,33.28035379,34.07601282
179,33.29644851,34.09163076
180,33.39934638,34.19139739
181,33.41886322,34.21160248
182,33.43624792,34.22932863
183,33.44984621,34.24342489
184,33.49683368,34.28989688
185,33.53073082,34.3238856
186,33.54974972,34.34261881
187,33.57060667,34.36314484
188,33.5965467,34.38987101
189,33.64360434,34.43635961
190,33.6693238,34.46083923
191,33.68551208,34.47793734
192,33.71598376,34.50726419
193,33.77065097,34.56092957
194,33.79986608,34.58971138
195,33.81767854,34.60737943
196,33.84687694,34.63608378
197,33.89629064,34.68533352
198,33.91844426,34.70537815
199,33.93610299,34.72235176
200,34.14586895,34.96445876
201,34.16656883,34.98469982
202,34.18881937,35.00621632
203,34.20888095,35.02678939
204,34.24104029,35.05715928
205,34.26706386,35.08441665
206,34.29428384,35.10965435
207,34.30906183,35.12419051
208,34.34439601,35.15774209
209,34.36400977,35.1759026
210,34.38167518,35.19406588
211,34.40346788,35.21530848
212,34.42718218,35.24013394
213,34.50715779,35.31601026
214,34.52987953,35.3383457
215,34.54844727,35.35647578
216,34.5785647,35.38664924
217,34.60623584,35.41314024
218,34.68650554,35.48891419
219,34.70737252,35.50831418
220,34.73214287,35.53937297
221,34.76277495,35.56754612
222,34.79097412,35.59387665
223,34.81508945,35.61765907
224,34.8437899,35.64625829
225,34.86747412,35.67069364
226,34.89206067,35.69525073
227,34.91533383,35.71872328
228,34.94342271,35.74742486
229,35.40915339,36.18996153
230,35.43044146,36.21095237
231,35.44814029,36.22905755
232,35.48496831,36.26538411
233,35.51759218,36.2993507
234,35.54769958,36.33026839
235,35.5657794,36.34824631
236,35.6003984,36.38220182
237,35.63910123,36.4213919
238,35.73682246,36.52914042
239,35.77645101,36.56911071
240,35.80929211,36.60154731
241,35.82521304,36.61684984
242,35.85116977,36.6417832
243,35.91071619,36.70144121
244,35.92777338,36.71800258
245,35.95330569,36.74274781
246,35.96894924,36.75869498
247,35.98097014,36.77064705
248,36.01297242,36.80349866
249,36.03524301,36.82543847
250,36.05116394,36.84245357
251,36.06392341,36.85597436
252,36.07960038,36.87230056
253,36.09883316,36.89269103
254,36.11465717,36.9093022
255,36.12671484,36.92137877
256,36.14246867,36.93713781
257,36.15501426,36.94923098
258,36.16664416,36.96104196
259,36.17652957,36.97049849
260,36.19166849,36.98482714
261,36.20548067,36.9985416
262,36.21850749,37.01020871
263,36.22969626,37.02150508
264,36.24554701,37.04005846
265,36.26262091,37.05667793
266,36.27352561,37.06723283
267,36.29001132,37.08340687
268,36.31007958,37.10396333
269,36.32512493,37.12125788
270,36.339024,37.13393482
271,36.35582385,37.15043533
272,36.39777838,37.19025621
273,36.40813501,37.20028821
274,36.41980501,37.21238139
275,36.43178915,37.2240485
276,36.44565146,37.23740051
277,36.46316649,37.25344175
278,36.48605199,37.27279194
279,36.49594075,37.2825362
280,36.53144536,37.31932757
281,36.55217866,37.33882716
282,36.56848726,37.35624343
283,36.5784629,37.36552289
284,36.60277875,37.38896224
285,36.62115265,37.40713106
286,36.63580365,37.42167552
287,36.64744024,37.43311022
288,36.66122234,37.44704878
289,36.67796538,37.46467256
290,36.69242589,37.47897908
291,36.70221773,37.48854074
292,36.71503401,37.50035725
293,36.72807421,37.5132666
294,36.76285028,37.54671028
295,36.77719048,37.56139584
296,36.80780251,37.59028555
297,36.83490553,37.61798006
298,36.88038578,37.66536506
299,36.89252366,37.67831038
300,36.91006542,37.69579305
301,36.92616682,37.71209989
302,36.938816,37.72487091
303,36.95040914,37.73656291
304,36.97622551,37.75652454
305,37.01867464,37.79983421
306,37.03295469,37.81419331
307,37.04547354,37.82695879
308,37.09362066,37.87615597
309,37.11786632,37.89908071
310,37.16843299,37.95150108
311,37.18506909,37.96851618
312,37.20216972,37.98712214
313,37.22281948,38.01635216
314,37.24562143,38.03944567
315,37.26095753,38.0543332
316,37.27877667,38.07350632
317,37.31444838,38.11010402
318,37.32998833,38.12592115
319,37.34175525,38.13784279
320,37.35347204,38.15028734
321,37.36618138,38.16278445
322,37.38091927,38.17909959
323,37.39103528,38.18939442
324,37.40743745,38.20431515
325,37.41893033,38.21617869
326,37.45284418,38.25113298
327,37.47395847,38.27279058
328,37.48978582,38.28997446
329,37.50917901,38.30822351
330,37.52894316,38.3282709
331,37.54152217,38.34133242
332,37.55564848,38.3551686
333,37.57541931,38.37427256
334,37.59053818,38.38976599
335,37.60245883,38.40330061
336,37.62110009,38.42363021
337,37.63689402,38.43914854
338,37.65589621,38.45817226
339,37.67118552,38.4746202
340,37.68774476,38.49163254
341,37.70046078,38.50542446
342,37.71737092,38.5229597
343,37.73356255,38.54047005
344,37.75243774,38.56044551
345,37.7821508,38.59175607
346,37.80265351,38.61289907
347,37.83168147,38.64234489
348,37.85825312,38.66901573
349,37.88674637,38.69934965
350,37.91482188,38.7276224
351,37.93639401,38.75105068
352,37.9640852,38.7806459
353,37.98439408,38.80238651
354,38.0056387,38.82402475
355,38.02654244,38.84599222
356,38.05202127,38.86880906
357,38.07228337,38.89030067
358,38.09399251,38.91497672
359,38.11330216,38.93522608
360,38.13647506,38.95974444
361,38.16118526,38.98627418
362,38.18294119,39.0105048
363,38.20092743,39.02973048
364,38.22040751,39.04959251
365,38.24383441,39.07520371
366,38.26789961,39.10109434
367,38.28383057,39.11857701
368,38.30419626,39.14023185
369,38.32216579,39.15979784
370,38.3467657,39.18589874
371,38.36253624,39.20297195
372,38.38081657,39.22137317
373,38.39768327,39.23888351
374,38.41491089,39.25638556
375,38.4302403,39.27154699
376,38.44787564,39.29010314
377,38.48613066,39.32977739
378,38.52223348,39.36668772
379,38.53713512,39.38217839
380,38.55756431,39.40217045
381,38.58121511,39.42745241
382,38.5992214,39.44493509
383,38.61237522,39.45835074
384,38.62631439,39.47258533
385,38.64001963,39.48671202
386,38.65505829,39.50136714
387,38.66848949,39.51463616
388,38.68220475,39.52831465
389,38.69637785,39.54479579
390,38.71037718,39.55914104
391,38.72408909,39.57230493
392,38.73998997,39.58753552
393,38.75800963,39.60590354
394,38.7734393,39.62113967
395,38.78834763,39.63527189
396,38.80114052,39.64792671
397,38.82246868,39.66978905
398,38.85028353,39.69945067
399,38.86305971,39.71305722
400,38.8755819,39.72618514
401,38.88796707,39.73827001
402,38.89958695,39.74882491
403,38.91218601,39.76719846
404,38.92492208,39.77875214
405,38.93755122,39.79150102
406,38.94823869,39.80273929
407,38.95780997,39.81204641
408,38.97867361,39.82981406
409,38.98989579,39.8413207
410,39.00155242,39.85390081
411,39.01066251,39.8625965
412,39.02027055,39.87189809
413,39.03269917,39.88424027
414,39.04497406,39.89637772
415,39.06082815,39.91274819
416,39.07967327,39.93110237
417,39.09290729,39.94419985
418,39.10196391,39.95325521
419,39.11016499,39.96122049
420,39.11873703,39.96941541
421,39.12726896,39.97863954
422,39.13790965,39.98987781
423,39.14842335,39.99989874
424,39.15876661,40.00998054
425,39.17016257,40.02189111
426,39.17857754,40.03128677
427,39.18675523,40.03843588
428,39.19667406,40.04730311
429,39.2111446,40.0624424
430,39.22205264,40.07306094
431,39.22928791,40.08012982
432,39.23724838,40.0882445
433,39.24597414,40.09638132
434,39.25409168,40.10435214
435,39.26160767,40.11187752
436,39.27104861,40.11977917
437,39.27834403,40.12693658
438,39.28670218,40.13573187
439,39.29347292,40.14286438
440,39.3015537,40.1516486
441,39.31277254,40.16239717
442,39.32397133,40.1728331
443,39.33531382,40.18375321
444,39.34548999,40.1939678
445,39.35497103,40.20345753
446,39.36240013,40.21050428
447,39.3723858,40.22067737
448,39.37900281,40.22798142
449,39.38565324,40.23436693
450,39.3922736,40.2408548
451,39.39982635,40.24953942
452,39.40945777,40.25941649
453,39.41608481,40.2663332
454,39.4226684,40.27292067
455,39.42857024,40.27918444
456,39.43612634,40.28654106
457,39.44885573,40.29951127
458,39.45733085,40.30887097
459,39.4631692,40.31459524
460,39.47045125,40.32228385
461,39.48144618,40.33484736
462,39.51783641,40.37159446
463,39.52520535,40.37860524
464,39.54478903,40.39927791
465,39.60119739,40.45165124
466,39.80376483,40.6392269
467,39.80992734,40.64589737
468,39.81635386,40.65259828
469,39.8227737,40.65833638
470,39.82905986,40.66506496
471,39.85541428,40.69523288
472,39.8625894,40.71919237
473,39.8752954,40.73170332
474,39.88305201,40.73994527
475,39.89273356,40.7502733
476,39.89986857,40.75859272
477,39.90858765,40.76705601
478,39.91558565,40.77369052
479,39.92662737,40.78445568
480,39.96859192,40.81470938
481,39.97646884,40.8234189
482,39.98378765,40.83007277
483,39.99073886,40.83824002
484,40.00215153,40.85028617
485,40.01084388,40.85927236
486,40.01568299,40.86452629
487,40.02245038,40.87073196
488,40.02928796,40.8771147
489,40.03615896,40.88431638
490,40.05681206,40.90485625
491,40.07189417,40.91990424
492,40.0854958,40.93347206
493,40.09670128,40.94500914
494,40.10543038,40.95388189
495,40.11064379,40.95880936
496,40.11764512,40.9652834
497,40.12439247,40.97158867
498,40.13259021,40.98061083
499,40.1373324,40.98583433
500,40.14394607,40.99244947
501,40.14874842,40.9975125
502,40.15414228,41.00288817
503,40.16200918,41.01161152
504,40.17185783,41.02438807
505,40.17953089,41.03303396
506,40.18553633,41.03878313
507,40.19035204,41.04428053
508,40.19862331,41.05674168
509,40.20600896,41.06431409
510,40.2144373,41.07309555
511,40.21972756,41.07868702
512,40.22726695,41.08670487
513,40.2355215,41.09620013
514,40.24139995,41.10223427
515,40.24643289,41.1074716
516,40.25328049,41.11406737
517,40.25883143,41.12036711
518,40.26491708,41.12710122
519,40.27583849,41.13791066
520,40.29849005,41.16014097
521,40.30999296,41.1709836
522,40.31668349,41.17688494
523,40.32224446,41.18246811
524,40.32991083,41.18938205
525,40.33772426,41.19722284
526,40.34465207,41.20450475
527,40.34986881,41.20986382
528,40.35661616,41.21672243
529,40.36250797,41.22352847
530,40.36720003,41.22848083
531,40.37319879,41.23422447
532,40.38001632,41.24099455
533,40.38765596,41.24814089
534,40.39418274,41.25444063
535,40.40120746,41.26182491
536,40.40803502,41.26851752
537,40.50950589,41.38084213
538,40.51505683,41.38680157
539,40.51990596,41.39177054
540,40.5293235,41.39859041
541,40.54207963,41.40895165
542,40.57465003,41.44191392
543,40.60100111,41.46848516
544,40.61784442,41.48505483
545,40.62816762,41.49852305
546,40.63872811,41.50889258
547,40.64544872,41.51616066
548,40.65276753,41.52349237
549,40.65837863,41.52988895
550,40.6650725,41.53685546
551,40.67897157,41.55126435
552,40.68933488,41.5693308
553,40.69987197,41.57960626
554,40.7044337,41.58430132
555,40.71084351,41.59089157
556,40.71662504,41.59668777
557,40.72989582,41.60960265
558,40.73754883,41.61793037
559,40.74216737,41.62263373
560,40.7469764,41.62770507
561,40.75232348,41.63342934
562,40.75858959,41.63993381
563,40.76277702,41.64440477
564,40.77380872,41.65313089
565,40.7786378,41.65799749
566,40.78390802,41.66357513
567,40.78775457,41.66725758
568,40.80094849,41.67968553
569,40.82165172,41.70093366
570,40.82972581,41.70920882
571,40.83519654,41.71573266
572,40.84104825,41.7218581
573,40.84832696,41.72970441
574,40.85491056,41.73721873
575,40.86205225,41.7437647
576,41.10546136,41.97900756
577,41.11176423,41.98528517
578,41.1190229,41.99304018
579,41.1251052,41.99910199
580,41.1325343,42.00614043
581,41.13804179,42.01173467
582,41.14336548,42.01715737
583,41.16109439,42.03401201
584,41.2189264,42.05578028
585,41.22665962,42.06392817
586,41.23222727,42.0694477
587,41.23793193,42.07566444
588,41.244051,42.08196418
589,41.25231224,42.09052984
590,41.26524214,42.10357752
591,41.27125427,42.11059383
592,41.27656793,42.11570113
593,41.28239959,42.12251824
594,41.28848858,42.12786624
595,41.29706061,42.13700736
596,41.30279536,42.14305534
597,41.30788845,42.14812114
598,41.33426292,42.18325802
599,41.33973365,42.18771515
600,41.35162422,42.20004073
601,41.3705462,42.21744041
602,41.37677889,42.22335558
603,41.38087275,42.22779887
604,41.38873964,42.2369981
605,41.39701091,42.24564399
606,41.401586,42.25037502
607,41.40996755,42.2584233
608,41.41531463,42.2634974
609,41.41929152,42.26784109
610,41.42620262,42.27387523
611,41.43467106,42.28184605
612,41.43898215,42.28656601
613,41.44525494,42.29303175
614,41.44958607,42.29756358
615,41.45673445,42.30561463
616,41.46410674,42.31282185
617,41.47247826,42.3205575
618,41.47753459,42.32581143
619,41.48441228,42.3321665
620,41.49013365,42.33820894
621,41.49693447,42.34603589
622,41.50264582,42.35267317
623,41.50589083,42.35632242
624,41.51127801,42.3625198
625,41.51829271,42.37038825
626,41.52266729,42.3742865
627,41.52946143,42.38166248
628,41.53478511,42.38704645
629,41.54024248,42.39153955
630,41.55180888,42.40198378
631,41.55575235,42.40577967
632,41.56128658,42.41187744
633,41.56862545,42.4204929
634,41.57290645,42.42450182
635,41.57697692,42.42825068
636,41.58592659,42.43857871
637,41.59453205,42.44643333
638,41.60013646,42.45206076
639,41.60499562,42.4578127
640,41.61112471,42.4634014
641,41.61832656,42.47032088
642,41.62551504,42.47735379
643,41.63177446,42.48336303
644,41.63857528,42.49113464
645,41.6421478,42.49446573
646,41.64794938,42.49961453
647,41.65182935,42.50357089
648,41.65855331,42.51073937
649,41.66580863,42.51768928
650,41.67240225,42.52436252
651,41.68054652,42.53271238
652,41.68610414,42.53765644
653,41.69477643,42.54688886
654,41.70011683,42.5520183
655,41.70450812,42.55636753
656,41.70869555,42.56099342
657,41.71293645,42.56518495
658,41.71791258,42.57031438
659,41.72340336,42.57567068
660,41.73047822,42.58257632
661,41.73612607,42.58707772
662,41.7412693,42.59203285
663,41.74504567,42.59589514
664,41.74955727,42.60077834
665,41.75549921,42.60700891
666,41.76863298,42.62083957
667,41.77284046,42.62487616
668,41.77759268,42.62950206
669,41.78556985,42.63699977
670,41.79111745,42.64277937
671,41.79524807,42.64669423
672,41.80172806,42.65334811
673,41.80586871,42.65753133
674,41.81201451,42.66424331
675,41.81566723,42.6681056
676,41.82189324,42.67522151
677,41.83697869,42.68692459
678,41.84116612,42.69124615
679,41.84496923,42.69506141
680,41.85075076,42.70040111
681,41.85729759,42.70621391
682,41.86197629,42.7106738
683,41.86680203,42.7152582
684,41.87206222,42.72119274
685,41.88331448,42.73321675
686,41.89159243,42.73943625
687,41.89540891,42.74368035
688,41.90593597,42.75404988
689,41.91582139,42.76391311
690,41.92102142,42.76842004
691,41.92659909,42.77401981
692,41.93307574,42.78005394
693,41.93744698,42.78412097
694,41.94285088,42.78933894
695,41.94731235,42.7937186
696,41.96021218,42.80793659
697,41.9650847,42.81372449
698,41.96917522,42.81790495
699,41.97397088,42.82249488
700,41.98022697,42.82818595
701,41.98808383,42.83730217
702,41.99330726,42.84234584
703,41.9971204,42.84695514
704,42.0069089,42.85858628
705,42.01360946,42.86621402
706,42.02105192,42.87351807
707,42.02742163,42.87781473
708,42.03279879,42.88249873
709,42.03907158,42.88869887
710,42.04374025,42.89348523
711,42.04754002,42.89740562
712,42.05453467,42.90337336
713,42.06075065,42.91038137
714,42.06517202,42.9143986
715,42.06884479,42.91833005
716,42.07286513,42.92234451
717,42.08038112,42.92912842
718,42.08446829,42.93335592
719,42.08822462,42.93736208
720,42.09410975,42.94311401
721,42.09753522,42.94712294
722,42.10136841,42.95098246
723,42.10526175,42.95522379
724,42.10929545,42.95902521
725,42.11278777,42.96303414
726,42.11625,42.96671106
727,42.11953511,42.96993978
728,42.12398656,42.97402341
729,42.12879225,42.97900621
730,42.13225448,42.98905757
731,42.13573008,42.99261553
732,42.13985736,42.99684025
733,42.14670831,43.00380953
734,42.15176798,43.00869273
735,42.15507314,43.01214278
736,42.1593341,43.01667185
737,42.16341459,43.02140841
738,42.16796629,43.02597067
739,42.17123469,43.02918002
740,42.17584989,43.03505923
741,42.17881418,43.03850098
742,42.18281446,43.04235498
743,42.18599264,43.04574416
744,42.1902703,43.05071866
745,42.19500581,43.05528922
746,42.19889247,43.05878355
747,42.20224442,43.06223913
748,42.20671925,43.0666852
749,42.21236042,43.07253673
750,42.217253,43.0775804
751,42.22078876,43.08088105
752,42.22499624,43.08544608
753,42.2280541,43.08890444
754,42.23244205,43.09249559
755,42.23582408,43.09590691
756,42.24583983,43.10370066
757,42.25666098,43.11467057
758,42.26020008,43.11822852
759,42.26431065,43.12227342
760,42.26847803,43.12645111
761,42.27222433,43.13022487
762,42.27591047,43.13350615
763,42.27948633,43.13694238
764,42.28846274,43.14387292
765,42.29687437,43.15225874
766,42.30071758,43.1561819
767,42.30527931,43.16040386
768,42.30887188,43.16405865
769,42.31274183,43.16804821
770,42.3166452,43.17190496
771,42.31954933,43.17511985
772,42.32423805,43.17975958
773,42.32771031,43.18365507
774,42.33189106,43.18746203
775,42.38964287,43.23698291
776,42.39535756,43.24240561
777,42.40141647,43.2513835
778,42.4050859,43.25522919
779,42.40815379,43.25833618
780,42.41368133,43.26213484
781,42.41912867,43.26814407
782,42.42510069,43.27419758
783,42.43122978,43.28025108
784,42.43612904,43.28521452
785,42.44064733,43.29013645
786,42.44463424,43.29392127
787,42.45060961,43.29957914
788,42.45611041,43.30511528
789,42.46262048,43.31180235
790,42.51800287,43.36316031
791,42.52230392,43.36758147
792,42.52702272,43.37217693
793,42.54111896,43.38811857
794,42.60161449,43.44321985
795,42.60723561,43.44837142
796,42.613612,43.45503636
797,42.61971102,43.46118117
798,42.62754449,43.46940375
799,42.63315558,43.47506715
800,42.63862631,43.48012742
801,42.66541518,43.50692552
802,42.672734,43.51419637
803,42.67847543,43.51999811
804,42.68307391,43.52479
805,42.68656288,43.52860249
806,42.6924547,43.5346062
807,42.69594367,43.53859576
808,42.70094653,43.54349832
809,42.70876329,43.55145254
810,42.71218877,43.55483343
811,42.71535357,43.55796808
812,42.71908984,43.56201574
813,42.72428653,43.56747717
814,42.73164211,43.57478399
815,42.73514111,43.57821744
816,42.73830257,43.5815015
817,42.74285427,43.58582306
818,42.74682114,43.58968535
819,42.75147644,43.59483415
820,42.75580757,43.59908654
821,42.75947032,43.60263896
822,42.76350403,43.60605858
823,42.76820611,43.61048251
824,42.77827199,43.61969557
825,42.7827368,43.6246258
826,42.78593837,43.62768576
827,42.7891132,43.63070421
828,42.7926523,43.634774
829,42.79851069,43.64129784
830,42.80406497,43.64614784
831,42.80759739,43.64969196
832,42.81155757,43.65365662
833,42.81570155,43.65740548
834,42.81933423,43.66096343
835,42.82264942,43.66429729
836,42.82776925,43.66881805
837,42.8313284,43.67224044
838,42.83507804,43.67557153
839,42.83837986,43.67925398
840,42.84267423,43.68358938
841,42.84735293,43.68829827
842,42.85174087,43.69192816
843,42.85558409,43.69545845
844,42.85987178,43.69909111
845,42.86474765,43.70343204
846,42.86958675,43.70703149
847,42.87369732,43.71065861
848,42.87773437,43.71493314
849,42.88103285,43.71827253
850,42.88467555,43.72197989
851,42.88838842,43.72570661
852,42.89439052,43.73167712
853,42.89783605,43.73528487
854,42.90161242,43.73914993
855,42.90504124,43.74256402
856,42.90962302,43.74837682
857,42.91426495,43.75357819
858,42.91860945,43.75814045
859,42.92264316,43.76290745
860,42.92865194,43.77027513
861,42.9350417,43.77940795
862,42.94576594,43.79221493
863,42.95228269,43.79985375
864,42.9607411,43.80828937
865,42.96969078,43.81605545
866,42.97931218,43.82291683
867,42.98583562,43.82866046
868,42.99151355,43.84106074
869,42.99740536,43.84667711
870,43.00449693,43.85214961
871,43.01420522,43.86021726
872,43.01994665,43.86462736
873,43.02417084,43.86915642
874,43.02786701,43.87273374
875,43.03230843,43.87769717
876,43.03659946,43.88215707
877,43.04089718,43.88677467
878,43.0455625,43.89127883
879,43.04945585,43.89558102
880,43.05441192,43.90086539
881,43.05887005,43.90548022
882,43.06560737,43.91199299
883,43.07101795,43.91724693
884,43.07645526,43.92250639
885,43.08201956,43.92802593
886,43.08714942,43.93302256
887,43.09074533,43.93651411
888,43.09555436,43.94080524
889,43.09968498,43.94497187
890,43.10370866,43.94879819
891,43.10711408,43.95241148
892,43.11142182,43.95691564
893,43.11643805,43.96314068
894,43.12070569,43.96826182
895,43.12419466,43.97236204
896,43.12811474,43.97637373
897,43.13178083,43.98000916
898,43.13552044,43.98358371
899,43.13902278,43.98714444
900,43.14668247,43.99517889
901,43.15033854,43.99886964
902,43.15466967,44.00358407
903,43.15839926,44.00720566
904,43.16339544,44.01156319
905,43.16929728,44.01764436
906,43.17336106,44.02153709
907,43.17678988,44.02521401
908,43.18082024,44.02917867
909,43.18489739,44.03320143
910,43.19011413,44.03770836
911,43.19357302,44.04157341
912,43.19753989,44.04541357
913,43.20138979,44.04922606
914,43.20551372,44.05334566
915,43.20921657,44.05672378
916,43.21359115,44.0607327
917,43.2172773,44.06442899
918,43.22111049,44.06803398
919,43.2244992,44.07132634
920,43.22868329,44.0758056
921,43.23392677,44.08125043
922,43.23801729,44.08509059
923,43.24150291,44.08891968
924,43.24545307,44.09323848
925,43.24978755,44.0970233
926,43.25481046,44.10202823
927,43.25876061,44.10634979
928,43.26290126,44.11071009
929,43.26751312,44.11499845
930,43.27131957,44.11850384
931,43.27493553,44.12167169
932,43.28082066,44.12657702
933,43.28472069,44.13037568
934,43.28833665,44.13414944
935,43.29181894,44.13768802
936,43.29679172,44.14291706
937,43.30116296,44.14724692
938,43.30470874,44.15073571
939,43.30836147,44.1544237
940,43.31321394,44.16046614
941,43.31762194,44.16457466
942,43.32187287,44.16866105
943,43.32615722,44.17268381
944,43.3307791,44.17751998
945,43.33492977,44.18209331
946,43.33927427,44.18600263
947,43.34327456,44.18980129
948,43.34830416,44.19511056
949,43.35232449,44.19905031
950,43.35610087,44.20279087
951,43.3609901,44.207497
952,43.36513075,44.21185176
953,43.37007011,44.21647766
954,43.37577478,44.22179799
955,43.3796982,44.22580415
956,43.38436687,44.23048538
957,43.38901214,44.23534091
958,43.39400164,44.24055888
959,43.40112997,44.24761669
960,43.40609272,44.25270739
961,43.41029687,44.25735265
962,43.41524291,44.26225798
963,43.42099771,44.26817869
964,43.42819956,44.27455589
965,43.43421168,44.28000073
966,43.4405981,44.28571116
967,43.44687424,44.2915461
968,43.45336091,44.29794544
969,43.4591391,44.30392701
970,43.46563915,44.31016589
971,43.47141733,44.31616129
972,43.48068449,44.32489018
973,43.48708428,44.33042908
974,43.49300951,44.33559725
975,43.49857382,44.34099505
976,43.50465278,44.34718412
977,43.50974921,44.35218629
978,43.51515645,44.35747619
979,43.51958116,44.36178945
980,43.5249249,44.36716235
981,43.53081671,44.37255185
982,43.53583628,44.37741291
983,43.54007384,44.38190324
984,43.544933,44.38649594
985,43.54976543,44.3914317
986,43.55429373,44.39592756
987,43.55850456,44.40014676
988,43.56449997,44.40546432
989,43.57021466,44.41161466
990,43.57649414,44.41898511
991,43.58081859,44.42443824
992,43.58603534,44.42980284
993,43.59270916,44.43500698
994,43.60358713,44.44640018
995,43.60862341,44.45091818
996,43.61587873,44.45860403
997,43.62026334,44.46253549
998,43.71445215,44.55260489
999,43.71826863,44.55648655
1000,43.72547382,44.56376846
1001,43.73064712,44.56901133
1002,43.73520885,44.57341866
1003,43.73982739,44.57759635
1004,43.7474804,44.58348662
1005,43.75230948,44.58799631
1006,43.75760643,44.59294038
1007,43.76207458,44.59752754
1008,44.07081165,44.88487813
1009,44.07489548,44.88879852
1010,44.07959757,44.89329162
1011,44.08336392,44.89702388
1012,44.08864416,44.90204264
1013,44.09304548,44.9065219
1014,44.0975671,44.9112059
1015,44.10231598,44.91600333
1016,44.10717179,44.92050749
1017,44.11253224,44.92598829
1018,44.12340018,44.93221333
1019,44.12785497,44.93675069
1020,44.13260384,44.94136552
1021,44.13735606,44.94626809
1022,44.14406665,44.95441597
1023,44.14849136,44.9586075
1024,44.15509166,44.9634077
1025,44.15918217,44.96742492
1026,44.16356344,44.97179628
1027,44.16751359,44.97568347
1028,44.1728072,44.98129154
1029,44.17698795,44.98530877
1030,44.1812088,44.9895086
1031,44.18518235,44.99297802
1032,44.18975745,44.99697588
1033,44.20167141,45.01041089
1034,44.20678456,45.01483759
1035,44.21066787,45.01821018
1036,44.21651624,45.02421942
1037,44.22154918,45.02833347
1038,44.22595384,45.0322926
1039,44.22968008,45.03622406
1040,44.23352664,45.04002825
1041,44.2376205,45.04407867
1042,44.24133338,45.0476975
1043,44.24532698,45.05176729
1044,44.25058717,45.05725086
1045,44.25483141,45.06116848
1046,44.25951345,45.06748206
1047,44.26337672,45.07128348
1048,44.26848652,45.07647655
1049,44.27480944,45.08294782
1050,44.27914726,45.08668561
1051,44.28251926,45.09045937
1052,44.28700078,45.09521253
1053,44.2923111,45.10060757
1054,44.29641833,45.10488209
1055,44.29996411,45.10922302
1056,44.30561196,45.11407855
1057,44.3100467,45.11825348
1058,44.31455161,45.12473305
1059,44.31875241,45.12879178
1060,44.32704373,45.13590769
1061,44.33154196,45.14098732
1062,44.33654482,45.14590372
1063,44.33999369,45.14977985
1064,44.41610269,45.20515503
1065,44.42562384,45.21337762
1066,44.42980793,45.21732014
1067,44.43379819,45.22088916
1068,44.43797559,45.22505579
1069,44.4432692,45.22999985
1070,44.44737643,45.23426055
1071,44.45098905,45.23785724
1072,44.4564932,45.24156736
1073,44.46061379,45.24523875
1074,44.46460739,45.24908721
1075,44.4678925,45.25242936
1076,44.50175623,45.2840332
1077,44.50555266,45.28795912
1078,44.51087635,45.29313005
1079,44.5155918,45.29825672
1080,44.51991625,45.30227395
1081,44.5251731,45.30779071
1082,44.52842814,45.31137634
1083,44.53188703,45.31508646
1084,44.53607112,45.31897089
1085,44.54203311,45.32454022
1086,44.54635422,45.32843018
1087,44.55029435,45.3321735
1088,44.55457202,45.33608836
1089,44.55832834,45.33933645
1090,44.56272631,45.34386274
1091,44.56651271,45.34834754
1092,44.66541365,45.46696082
1093,44.6759875,45.47270999
1094,44.67977724,45.47649758
1095,44.68291197,45.47981484
1096,44.68734336,45.48433007
1097,44.69139043,45.48825599
1098,44.69863238,45.49294276
1099,44.7020378,45.49644814
1100,44.70651598,45.50060647
1101,44.71037256,45.50421146
1102,44.71461012,45.50802948
1103,44.71912507,45.51171194
1104,44.72392407,45.51571533
1105,44.73126294,45.52317431
1106,44.73533674,45.52682357
1107,44.73964449,45.53111193
1108,44.74828002,45.53936495
1109,44.75223018,45.54309721
1110,44.75634074,45.5471836
1111,44.75975285,45.55082456
1112,44.76679763,45.55597336
1113,44.77143956,45.56028385
1114,44.77617173,45.56453348
1115,44.78013191,45.56822147
1116,44.78435944,45.57224146
1117,44.79670451,45.58011821
1118,44.8010156,45.58425717
1119,44.80706448,45.59029684
1120,44.81054343,45.59438877
1121,44.81470746,45.59847793
1122,44.81782548,45.60175921
1123,44.82134453,45.60501837
1124,44.82547515,45.60885576
1125,44.82933841,45.61262122
1126,44.83329859,45.61633687
1127,44.83661713,45.61974266
1128,44.84099505,45.62362985
1129,44.84620845,45.62840792
1130,44.84919613,45.6316975
1131,44.85222392,45.63489579
1132,44.85762112,45.63948295
1133,44.86314199,45.64568309
1134,44.86654406,45.64912761
1135,44.87028368,45.65241167
1136,44.87363897,45.65564869
1137,44.87720146,45.65934774
1138,44.88100792,45.66304127
1139,44.88425627,45.66620912
1140,44.88919563,45.67104805
1141,44.89278152,45.67482458
1142,44.89589285,45.67848767
1143,44.8991011,45.68179385
1144,44.90314483,45.68545418
1145,44.90695128,45.68934137
1146,44.91125902,45.69351076
1147,44.91501535,45.69748372
1148,44.9188853,45.70132388
1149,44.92257144,45.70497313
1150,44.92614061,45.70858366
1151,44.92957277,45.71227718
1152,44.93367666,45.71652681
1153,44.93682141,45.71962273
1154,44.94018338,45.72341032
1155,44.94320114,45.72681611
1156,44.94658317,45.73023019
1157,44.95105801,45.73466796
1158,44.95393206,45.73805438
1159,44.95719712,45.74157083
1160,44.96199947,45.74607776
1161,44.97663376,45.76140243
1162,44.98171349,45.76738676
1163,44.98487829,45.77084235
1164,44.98875827,45.77486511
1165,44.99231407,45.77849223
1166,44.996047,45.78248456
1167,44.99900127,45.78551408
1168,45.00258047,45.78956174
1169,45.00847228,45.79493741
1170,45.01164377,45.79814123
1171,45.01461808,45.80145018
1172,45.01826412,45.80502197
1173,45.02124846,45.80798509
1174,45.02545929,45.81153751
1175,45.02865417,45.81492947
1176,45.03248067,45.81882496
1177,45.03611669,45.82267895
1178,45.0397126,45.82696177
1179,45.04710159,45.83509306
1180,45.05519574,45.88971847
1181,45.05992122,45.89520481
1182,45.06563591,45.90018761
1183,45.07046499,45.90399456
1184,45.07460564,45.90868686
1185,45.07857919,45.91264599
1186,45.08398976,45.91728848
1187,45.0874286,45.92093774
1188,45.09291604,45.9262719
1189,45.0977351,45.9307484
1190,45.1152401,45.94727657
1191,45.12013602,45.9521653
1192,45.12695021,45.95871128
1193,45.13192634,45.96377154
1194,45.13618395,45.96778877
1195,45.14131046,45.97258897
1196,45.14693826,45.9773034
1197,45.1541468,45.98403474
1198,45.1592967,45.98900094
1199,45.16408234,45.99365727
1200,45.17038521,46.00124628
1201,45.17653435,46.00788356
1202,45.18147038,46.01297702
1203,45.18632953,46.01764718
1204,45.19144268,46.02244738
1205,45.19603449,46.02730568
1206,45.19989107,46.03176281
1207,45.2062942,46.03883445
1208,45.21194873,46.04413542
1209,45.21838528,46.04999526
1210,45.22969435,46.06465592
1211,45.23475403,46.06965808
1212,45.23983376,46.07478751
1213,45.24860965,46.08243463
1214,45.25274361,46.08637992
1215,45.25689428,46.09065168
1216,45.27093705,46.1046179
1217,45.27470006,46.10893393
1218,45.27960935,46.11320569
1219,45.28450193,46.11759089
1220,45.35356281,46.12303295
1221,45.35784047,46.12782485
1222,45.37015212,46.14082827
1223,45.3758334,46.14676004
1224,45.38000078,46.15131123
1225,45.38511726,46.1564794
1226,45.39308441,46.17459841
1227,45.39799704,46.17946778
1228,45.40830688,46.19330397
1229,45.41396476,46.19904207
1230,45.43307723,46.21099968
1231,45.43794976,46.21577774
1232,45.44679249,46.22402799
1233,45.45429511,46.23155891
1234,45.45942497,46.23681008
1235,45.46629931,46.24356632
1236,45.47192043,46.24961982
1237,45.47923256,46.25749934
1238,45.4852146,46.26294694
1239,45.48882388,46.26624206
1240,45.50232192,46.28250463
1241,45.50700061,46.28692856
1242,45.51113792,46.2927801
1243,45.51665209,46.29815023
1244,45.52253388,46.30247733
1245,45.54496154,46.32791145
1246,45.5500279,46.33237135
1247,45.55278833,46.33526253
1248,45.55810867,46.3405386
1249,45.56092258,46.34438706
1250,45.56654369,46.34952202
1251,45.5690234,46.35202034
1252,45.6187078,46.40117325
1253,45.62509422,46.40691965
1254,45.6281053,46.41028671
1255,45.63046135,46.41237832
1256,45.64139613,46.42354466
1257,45.65506795,46.43404146
1258,45.65758108,46.43680538
1259,45.66252712,46.44190991
1260,45.67682388,46.45474179
1261,45.6796712,46.45778791
1262,45.68292958,46.46078146
1263,45.68521545,46.46297268
1264,45.68988412,46.46960442
1265,45.72388821,46.49807083
1266,45.72706638,46.50134105
1267,45.72978337,46.50466937
1268,45.73446875,46.50959961
1269,45.73939809,46.5145741
1270,45.74509273,46.52059441
1271,45.74790663,46.52337769
1272,45.75252851,46.52790952
1273,45.76104039,46.53563687
1274,45.76495379,46.53921696
1275,45.77490938,46.54722928
1276,45.78412975,46.55441989
1277,45.78841076,46.55856715
1278,45.7944162,46.56626683
1279,45.79781494,46.56979159
1280,45.91090902,46.7193364
1281,45.92901557,46.7348575
1282,45.93358398,46.73927313
1283,45.9364547,46.74427253
1284,45.94265397,46.75139674
1285,45.94605605,46.75470569
1286,45.95159028,46.75960273
1287,45.95561395,46.76629257
1288,45.96315,46.77279704
1289,45.96763152,46.77786561
1290,45.97525111,46.7826741
1291,45.97814856,46.78640913
1292,46.00326312,46.80938921
1293,46.00883411,46.81545655
1294,46.01583544,46.82251436
1295,46.01943136,46.82594228
1296,46.02636585,46.83303052
1297,46.02979467,46.83670191
1298,46.03824305,46.84506283
1299,46.0432292,46.8562098
1300,46.12007343,46.94414056
1301,46.12601537,46.95307419
1302,46.13740131,46.96401642
1303,46.14495072,46.9710272
1304,46.15077904,46.97771151
1305,46.15642021,46.98459779
1306,46.16759226,46.99547639
1307,46.17173291,46.99951575
1308,46.18021806,47.00912444
1309,46.18519084,47.01476848
1310,46.19591174,47.02544511
1311,46.20019608,47.02960344
1312,46.20834036,47.03779282
1313,46.2121936,47.04228592
1314,46.22304817,47.05368466
1315,46.22921068,47.06066224
1316,46.23554028,47.06771728
1317,46.24156912,47.07371268
1318,46.25273783,47.08510866
1319,46.25753015,47.09000845
1320,46.34519887,47.18570806
1321,46.35225368,47.19349628
1322,46.36313164,47.20377728
1323,46.36845199,47.21058609
1324,46.37653945,47.21892764
1325,46.38196673,47.22462148
1326,46.39389072,47.23631902
1327,46.39855939,47.24114411
1328,46.40402344,47.24532181
1329,46.40709467,47.24889636
1330,46.40949751,47.25180691
1331,46.41542274,47.25468427
1332,46.42076982,47.26047217
1333,46.42290197,47.26285152
1334,46.42464311,47.2649376
1335,46.43420102,47.27412576
1336,46.44471472,47.28465022
1337,46.45611737,47.2973161
1338,46.46771719,47.30911601
1339,46.48506512,47.32567462
1340,46.67378029,47.5430032
1341,46.68700094,47.55727375
1342,46.71826465,47.59763691
1343,46.730847,47.61277344
1344,46.75215512,47.70061566
1345,46.76064361,47.71068363
1346,46.76996423,47.72097292
1347,46.78057485,47.73172703
1348,46.79481145,47.74534188
1349,46.80705292,47.75860813
1350,46.86275947,47.81958308
1351,46.87452973,47.83123912
1352,46.89973787,47.85953124
1353,46.91212639,47.87076674
1354,46.92765965,47.88829922
1355,46.93563014,47.89726328
1356,46.94810221,47.91047143
1357,46.95461228,47.91781421
1358,46.96119587,47.92513485
1359,46.96701082,47.93108599
1360,47.07382877,48.02517815
1361,47.11022234,48.05278966
1362,47.11705657,48.06006328
1363,47.12366022,48.06851826
1364,47.1413791,48.09135724
1365,47.14701359,48.11291248
1366,47.1513982,48.11779844
1367,47.15526815,48.1219374
1368,47.19866638,48.16585851
1369,47.20401681,48.17225785
1370,47.24574074,48.22462012
1371,47.25056648,48.22905511
1372,47.26337608,48.23754054
1373,47.28068725,48.25502045
1374,47.29493388,48.26724919
1375,47.29912799,48.27191382
1376,47.43519113,48.35742096
1377,47.43944875,48.36213263
1378,48.25724455,48.88944604
1379,48.26090396,48.8940415
1380,48.32565376,48.92434223
1381,48.33137847,48.92974556
1382,48.33547567,48.93416949
1383,48.33860037,48.93777724
1384,48.34389398,48.94410742
1385,48.34778398,48.95720767
1386,48.36105477,48.97066759
1387,48.3672273,48.9781985
1388,48.38078549,48.98546381
1389,48.38570815,48.99088651
1390,48.39859461,49.02014697
1391,48.40338359,49.0248448
1392,48.65851284,49.28108956
1393,48.66136684,49.28430998
1394,48.66586507,49.28933151
1395,48.67201087,49.29539331
1396,48.70013651,49.31403523
1397,48.70594812,49.31976503
1398,48.72339965,49.34950136
1399,48.76061867,49.38577535
1400,51.64522805,52.05600466
1401,51.6543114,52.06566316
1402,51.66730147,52.07648919
1403,51.67305292,52.07972621
1404,51.86901672,52.30689312
1405,51.8861608,52.31432167
1406,51.92778782,52.34942259
1407,51.93029426,52.3519624
1408,51.9529592,52.38619459
1409,51.95650832,52.38897511
1410,52.00698476,52.45655414
1411,52.03414124,52.47996305
1412,52.34604979,52.63075287
1413,52.34837577,52.63350849
1414,52.35672724,52.64269665
1415,52.35927379,52.64575937
1416,52.36955021,52.65415349
1417,52.38026108,52.66400288
1418,52.38771691,52.67248001
1419,52.407588,52.69129899
1420,52.90413457,53.09808734
1421,52.90764694,53.10140736
1422,52.91239247,53.1071178
1423,52.9147786,53.10949714
1424,52.92574012,53.1184944
1425,52.92988745,53.12263059
1426,52.95572053,53.16411979
1427,52.95974086,53.16769158
1428,52.97694844,53.18312414
1429,52.97989601,53.18610663
1430,53.20809937,53.42029538
1431,53.21636395,53.42992068
1432,53.28422508,53.49182524
1433,53.28885031,53.49585353
1434,53.31213016,53.50292794
1435,53.31442606,53.50552862
1436,53.32255696,53.53170146
1437,53.3258521,53.53615582
1438,53.34240131,53.55603998
1439,53.34643502,53.55973627
1440,53.6518335,53.84182186
1441,53.67856222,53.85766112
1442,53.68571059,53.86645641
1443,53.68867822,53.8693393
1444,53.69588007,53.87718838
1445,53.6989112,53.88022067
1446,53.70239348,53.88325849
1447,53.77672124,54.00787824
1448,54.06262961,54.25964374
1449,54.06923994,54.26718019
1450,54.31618481,54.55256643
1451,54.47955482,54.72948482
1452,60.46581824,60.48576501
1453,60.97409497,61.02050143
1454,61.20335103,61.28473914
1455,61.27799961,61.35731757
1456,61.4153026,61.46159943
1457,61.53770395,61.58999018
1458,61.55697349,61.6033422
1459,61.56229383,61.60871233
1460,62.04424956,62.1176937
1461,62.04701668,62.12083112
1462,62.05717947,62.14164765
1463,62.05972936,62.14392463
1464,62.07798964,62.17455736
1465,62.08308273,62.17887892
1466,62.88194987,62.80663403
1467,62.88397842,62.80888611
1468,62.89671115,62.81711977
1469,62.90614541,62.82725136
1470,62.95302259,62.89021556
1471,62.95520487,62.89234038
1472,65.00783865,64.96065817
1473,65.04135482,65.00345877
1474,65.10550976,65.07950662
1475,65.10711722,65.08115003
1476,65.46496388,65.35650428
1477,65.46697571,65.35798722
1478,65.46970941,65.36015907
1479,65.47793389,65.36876069
1480,74.90329555,74.97837352
1481,74.91007632,74.98735141
1482,74.91219844,74.99119434
1483,74.91395295,74.99280178
1484,75.00332271,75.08681648
1485,75.01635622,75.10038153
1486,75.02239508,75.10547499
1487,75.0234411,75.10830255
1488,75.03207997,75.11393828
1489,75.03315273,75.11515009
1490,75.03529825,75.1164532
1491,75.03961267,75.12072496
1492,77.93564475,78.50838315
1493,77.93673087,78.50974159
1494,77.93927408,78.51205731
1495,77.94457771,78.51775114
1496,78.06513432,78.65061009
1497,78.06704256,78.65469371
1498,78.06799167,78.65557905
1499,78.06916134,78.65674659
1500,100,100
